SALE TYPE,SOLD DATE,PROPERTY TYPE,ADDRESS,CITY,STATE OR PROVINCE,ZIP OR POSTAL CODE,PRICE,BEDS,BATHS,LOCATION,SQUARE FEET,LOT SIZE,YEAR BUILT,DAYS ON MARKET,$/SQUARE FEET,HOA/MONTH,STATUS,NEXT OPEN HOUSE START TIME,NEXT OPEN HOUSE END TIME,URL (SEE http://www.redfin.com/buy-a-home/comparative-market-analysis FOR INFO ON PRICING),SOURCE,MLS#,FAVORITE,INTERESTED,LATITUDE,LONGITUDE
MLS Listing,,Condo/Co-op,2812 BRADFORD,Dallas,TX,75219,212000,2,1.5,Montebella Condo,1088,,1955,2,195,298,Active,March-31-2019 01:00 PM,March-31-2019 03:00 PM,http://www.redfin.com/TX/Dallas/2812-Bradford-Dr-75219/home/30764536,NTREIS,14051991,N,Y,32.8163255,-96.8223631
MLS Listing,,Single Family Residential,1327 Big Stone Gap Rd,Duncanville,TX,75137,250000,4,3.0,Greene,2630,9453,1978,22,95,90,Active,,,http://www.redfin.com/TX/Duncanville/1327-Big-Stone-Gap-Rd-75137/home/31316583,NTREIS,14038350,N,Y,32.6423408,-96.9397211
MLS Listing,,Condo/Co-op,4111 Cole Ave #14,Dallas,TX,75204,249000,2,2.0,4111 Cole Condos,1034,40859,1985,192,241,358,Active,,,http://www.redfin.com/TX/Dallas/4111-Cole-Ave-75204/unit-14/home/30761671,NTREIS,13932596,N,Y,32.8148087,-96.7935541
MLS Listing,,Condo/Co-op,5819 E University Blvd Unit 5819D,Dallas,TX,75206,235000,2,2.0,Williamsburg 02 Condo,1307,167880,1964,1,180,295,Active,,,http://www.redfin.com/TX/Dallas/5819-E-University-Blvd-75206/unit-5819D/home/160903360,NTREIS,14054677,N,Y,32.8457835,-96.766483
MLS Listing,,Single Family Residential,7964 Vista Hill Ln,Dallas,TX,75249,204900,3,2.0,Mountain Vista,1528,5140,2001,1,134,,Active,,,http://www.redfin.com/TX/Dallas/7964-Vista-Hill-Ln-75249/home/31156424,NTREIS,14054660,N,Y,32.6557421,-96.9634638
MLS Listing,,Single Family Residential,3122 Furneaux Ln,Carrollton,TX,75007,230000,3,2.0,Woodlake 3,1437,7710,1973,1,160,,Active,,,http://www.redfin.com/TX/Carrollton/3122-Furneaux-Ln-75007/home/32964875,NTREIS,14054078,N,Y,33.0023471,-96.8752691
MLS Listing,,Single Family Residential,3007 June Dr,Dallas,TX,75211,219000,3,2.0,Loupot Heights,1300,9627,1950,1,168,,Active,,,http://www.redfin.com/TX/Dallas/3007-June-Dr-75211/home/30891560,NTREIS,14048568,N,Y,32.72338,-96.8700947
MLS Listing,,Single Family Residential,1303 Arizona Ave,Dallas,TX,75216,249900,3,2.0,Cedar Oaks,1450,7013,1950,1,172,,Active,,,http://www.redfin.com/TX/Dallas/1303-Arizona-Ave-75216/home/30835514,NTREIS,14046488,N,Y,32.7329319,-96.8181642
MLS Listing,,Single Family Residential,2327 Salerno Dr,Dallas,TX,75224,250000,4,2.0,Wynnewood,2000,10716,1946,1,125,,Active,,,http://www.redfin.com/TX/Dallas/2327-Salerno-Dr-75224/home/30892677,NTREIS,14051015,N,Y,32.7195075,-96.8349115
MLS Listing,,Single Family Residential,9917 Windledge Dr,Dallas,TX,75238,250000,3,2.0,Lake North Estates,1601,8886,1962,1,156,,Active,March-30-2019 01:00 PM,March-30-2019 03:00 PM,http://www.redfin.com/TX/Dallas/9917-Windledge-Dr-75238/home/31061929,NTREIS,14050512,N,Y,32.8846133,-96.7151591
MLS Listing,,Multi-Family (2-4 Unit),13712 Biggs St,Dallas,TX,75253,205000,6,5.0,J E Biggs Sub,2544,10498,2006,1,81,,Active,,,http://www.redfin.com/TX/Dallas/13712-Biggs-St-75253/home/31158809,NTREIS,14054066,N,Y,32.68108,-96.593276
MLS Listing,,Multi-Family (2-4 Unit),13706 Biggs St,Dallas,TX,75253,205000,6,4.0,Biggs J E,2544,10498,2006,1,81,,Active,,,http://www.redfin.com/TX/Dallas/13706-Biggs-St-75253/home/31158812,NTREIS,14054059,N,Y,32.681174,-96.593397
MLS Listing,,Single Family Residential,450 Trail View Ln,Garland,TX,75043,235000,4,2.0,Trail Vly #1,2047,8059,1983,1,115,,Active,March-31-2019 12:00 PM,March-31-2019 03:00 PM,http://www.redfin.com/TX/Garland/450-Trail-View-Ln-75043/home/31492854,NTREIS,14054010,N,Y,32.843648,-96.6127355
MLS Listing,,Townhouse,6619 Ports O Call Dr,Rowlett,TX,75088,242000,4,3.0,Vue Du Lac,1754,3180,1983,1,138,55,Active,,,http://www.redfin.com/TX/Rowlett/6619-Ports-O-Call-Dr-75088/home/32028425,NTREIS,14053485,N,Y,32.8840779,-96.5381873
MLS Listing,,Condo/Co-op,4224 Rawlins St #105,Dallas,TX,75219,215000,2,1.5,Britty Condo,946,19776,1953,2,227,232,Active,,,http://www.redfin.com/TX/Dallas/4224-Rawlins-St-75219/unit-105/home/31163780,NTREIS,14053223,N,Y,32.8152033,-96.8113194
MLS Listing,,Single Family Residential,105 Highcrest Ln,Rockwall,TX,75087,245000,3,2.0,Northshore #1a,1842,11021,1983,2,133,,Active,,,http://www.redfin.com/TX/Rockwall/105-Highcrest-Ln-75087/home/33916787,NTREIS,14049772,N,Y,32.9320934,-96.4748641
MLS Listing,,Single Family Residential,6083 Mapleshade Ln,Dallas,TX,75252,250000,2,2.0,Lloyd Add Tr 8,1448,3485,1992,2,173,,Active,March-31-2019 02:00 PM,March-31-2019 04:00 PM,http://www.redfin.com/TX/Dallas/6083-Mapleshade-Ln-75252/home/32052476,NTREIS,14050772,N,Y,33.0069184,-96.8002076
MLS Listing,,Single Family Residential,14339 Open Range Dr,Dallas,TX,75253,203900,3,2.0,Shady Oaks,1552,5314,2019,2,131,25,Active,,,http://www.redfin.com/TX/Dallas/14339-Open-Range-DR-75253/home/160818669,NTREIS,14053457,N,Y,32.6759,-96.587955
MLS Listing,,Single Family Residential,4405 Duck Pond Ln,Rowlett,TX,75088,239900,3,2.5,Lakeshore Park Estates,2120,6011,1989,2,113,,Active,,,http://www.redfin.com/TX/Rowlett/4405-Duck-Pond-Ln-75088/home/33930617,NTREIS,14052816,N,Y,32.9014834,-96.5142879
MLS Listing,,Single Family Residential,548 Doral Pl,Garland,TX,75043,209475,3,2.0,La Prada 03,2205,7187,1977,2,95,,Active,,,http://www.redfin.com/TX/Garland/548-Doral-Pl-75043/home/31416868,NTREIS,14052845,N,Y,32.8483299,-96.6220836
MLS Listing,,Single Family Residential,10915 Estacado Dr,Dallas,TX,75228,229900,3,2.0,Casa View Heights,1710,7405,1951,2,134,,Active,March-30-2019 01:00 PM,March-30-2019 03:00 PM,http://www.redfin.com/TX/Dallas/10915-Estacado-Dr-75228/home/30864888,NTREIS,14053090,N,Y,32.8466956,-96.6776161
MLS Listing,,Single Family Residential,10923 Park Oak Cir,Dallas,TX,75228,205000,3,2.0,Country Club Park 03,1152,7667,1955,2,178,,Active,,,http://www.redfin.com/TX/Dallas/10923-Park-Oak-Cir-75228/home/31019941,NTREIS,14053052,N,Y,32.8421112,-96.6582787
MLS Listing,,Townhouse,3929 Roma Ct,Rockwall,TX,75087,210000,2,1.5,Lakeside Village #1,1440,828,1976,2,146,130,Active,,,http://www.redfin.com/TX/Rockwall/3929-Roma-Ct-75087/home/33912955,NTREIS,14052999,N,Y,32.898779,-96.480489
MLS Listing,,Single Family Residential,935 Edgedale Dr,Dallas,TX,75232,219900,4,2.0,Polk Terrace 11,1741,10193,2019,2,126,,Active,,,http://www.redfin.com/TX/Dallas/935-Edgedale-Dr-75232/home/31029742,NTREIS,14052871,N,Y,32.6498829,-96.8375077
MLS Listing,,Single Family Residential,14247 Greenhaw Ln,Dallas,TX,75253,219900,3,2.0,Shady Oaks Estates,1824,5750,2019,3,121,25,Active,,,http://www.redfin.com/TX/Dallas/14247-Greenhaw-Ln-75253/home/30775131,NTREIS,14052247,N,Y,32.676228,-96.5860469
MLS Listing,,Single Family Residential,2559 Sundance Ln,Dallas,TX,75287,244900,3,2.0,Morningside 4 Ph A,1403,4617,1984,3,175,,Active,,,http://www.redfin.com/TX/Dallas/2559-Sundance-Ln-75287/home/33152618,NTREIS,14048233,N,Y,32.9956762,-96.870388
MLS Listing,,Single Family Residential,1524 Marion Dr,Dallas,TX,75211,200000,4,2.0,Las Haciendas Instl 03,1595,6665,1998,3,125,,Active,,,http://www.redfin.com/TX/Dallas/1524-Marion-Dr-75211/home/31138134,NTREIS,14052445,N,Y,32.7289449,-96.8926806
MLS Listing,,Single Family Residential,410 S Westmoreland Rd,Dallas,TX,75211,245000,2,1.0,Irwindell Add,1046,7144,1926,3,234,,Active,,,http://www.redfin.com/TX/Dallas/410-S-Westmoreland-Rd-75211/home/30838573,NTREIS,14049475,N,Y,32.7420034,-96.8739074
MLS Listing,,Single Family Residential,804 Grandview Ave,Dallas,TX,75223,229000,3,1.0,Mount Auburn,1162,7231,1921,4,197,,Active,,,http://www.redfin.com/TX/Dallas/804-Grandview-Ave-75223/home/30800773,NTREIS,14051584,N,Y,32.7986938,-96.7479461
MLS Listing,,Condo/Co-op,3400 Welborn St #318,Dallas,TX,75219,219900,1,1.0,Wyndemere Condo,758,71569,1998,4,290,398,Active,,,http://www.redfin.com/TX/Dallas/3400-Welborn-St-75219/unit-318/home/34253803,NTREIS,14051508,N,Y,32.8099817,-96.8055298
MLS Listing,,Condo/Co-op,5925 E University Blvd #233,Dallas,TX,75206,219000,2,2.0,Bella Gardens Condos,1078,145055,1964,4,203,226,Active,,,http://www.redfin.com/TX/Dallas/5925-E-University-Blvd-75206/unit-233/home/30731500,NTREIS,14047414,N,Y,32.846337,-96.7645015
MLS Listing,,Single Family Residential,9222 Freeport Dr,Dallas,TX,75228,225000,3,2.0,Cloverdale 05,1190,7841,1957,4,189,,Active,March-30-2019 01:00 PM,March-30-2019 03:00 PM,http://www.redfin.com/TX/Dallas/9222-Freeport-Dr-75228/home/31001915,NTREIS,14049837,N,Y,32.817108,-96.676363
MLS Listing,,Condo/Co-op,5931 E University Blvd #222,Dallas,TX,75206,229000,2,2.0,Bella Gardens Condo,1118,145055,1964,4,205,226,Active,March-30-2019 01:00 PM,March-30-2019 04:00 PM,http://www.redfin.com/TX/Dallas/5931-E-University-Blvd-75206/unit-222/home/30731481,NTREIS,14048002,N,Y,32.8463159,-96.7645653
MLS Listing,,Condo/Co-op,6211 W Northwest Hwy Unit G511,Dallas,TX,75225,250000,1,1.0,Preston Tower Condo,758,,1966,4,330,575,Active,March-30-2019 02:00 PM,March-30-2019 04:00 PM,http://www.redfin.com/TX/Dallas/6211-West-Northwest-Hwy-75225/unit-G511/home/160758959,NTREIS,14051196,N,Y,32.8662169,-96.800016
MLS Listing,,Single Family Residential,626 Lacewood Dr,Dallas,TX,75224,200000,3,1.0,Wynnewood Park 01,1113,7710,1950,4,180,,Active,,,http://www.redfin.com/TX/Dallas/626-Lacewood-Dr-75224/home/30893158,NTREIS,14050887,N,Y,32.7071201,-96.8341996
MLS Listing,,Vacant Land,4518 Newmore Ave,Dallas,TX,75209,250000,0,,Greenway Terrace,,7187,1945,5,,,Active,,,http://www.redfin.com/TX/Dallas/4518-Newmore-Ave-75209/home/30854177,NTREIS,14050710,N,Y,32.8492358,-96.832263
MLS Listing,,Single Family Residential,2103 Boyd St,Dallas,TX,75224,249900,3,2.0,E K Rowe,1658,6621,1954,5,151,,Active,,,http://www.redfin.com/TX/Dallas/2103-Boyd-St-75224/home/30857958,NTREIS,14044694,N,Y,32.7253751,-96.8392246
MLS Listing,,Single Family Residential,5611 Meadowick Ln,Dallas,TX,75227,235000,2,2.0,Buckner Terrace,1400,7536,1962,5,168,,Active,,,http://www.redfin.com/TX/Dallas/5611-Meadowick-Ln-75227/home/30906633,NTREIS,14040865,N,Y,32.789893,-96.704481
MLS Listing,,Condo/Co-op,3623 Hawthorne Ave #3623,Dallas,TX,75219,217000,2,1.5,Concord House Condo,967,30579,1962,5,224,285,Active,,,http://www.redfin.com/TX/Dallas/3623-Hawthorne-Ave-75219/unit-3623/home/30809720,NTREIS,14050272,N,Y,32.8210613,-96.8133998
MLS Listing,,Single Family Residential,5420 Spruce View Dr,Dallas,TX,75232,210000,3,2.0,Highland Oaks 04 Inst 05,1842,8364,1967,6,114,,Active,March-30-2019 02:00 PM,March-30-2019 04:00 PM,http://www.redfin.com/TX/Dallas/5420-Spruce-View-Dr-75232/home/30902945,NTREIS,14040054,N,Y,32.6793104,-96.8468675
MLS Listing,,Single Family Residential,4301 Glenhaven Dr,Garland,TX,75042,206000,3,2.0,Skillman Forest 02,1749,7187,1963,6,118,,Active,,,http://www.redfin.com/TX/Garland/4301-Glenhaven-Dr-75042/home/31477907,NTREIS,14050021,N,Y,32.9121887,-96.6975444
MLS Listing,,Single Family Residential,5430 Blue Cove Dr,Garland,TX,75043,215000,3,2.5,ANCHOR POINT,1776,7449,1987,6,121,,Active,,,http://www.redfin.com/TX/Garland/5430-Blue-Cove-Dr-75043/home/31349057,NTREIS,14039319,N,Y,32.8479999,-96.554174
MLS Listing,,Single Family Residential,4816 Rimwood Dr,Balch Springs,TX,75180,235000,4,2.0,Belaire Park,1890,8712,2018,6,124,,Active,,,http://www.redfin.com/TX/Balch-Springs/4816-Rimwood-Dr-75180/home/31196631,NTREIS,14049995,N,Y,32.704076,-96.63261
MLS Listing,,Single Family Residential,4820 Rimwood Dr,Balch Springs,TX,75180,235000,4,2.0,Belaire Park,1890,8712,2018,6,124,,Active,,,http://www.redfin.com/TX/Balch-Springs/4820-Rimwood-Dr-75180/home/31196632,NTREIS,14049851,N,Y,32.703912,-96.632611
MLS Listing,,Single Family Residential,7573 Christie Ln,Dallas,TX,75249,237500,3,2.0,Woods,1822,9627,1980,6,130,,Active,March-30-2019 02:00 PM,March-30-2019 04:30 PM,http://www.redfin.com/TX/Dallas/7573-Christie-Ln-75249/home/31114576,NTREIS,14049648,N,Y,32.6461499,-96.9558283
MLS Listing,,Single Family Residential,2316 Southwood Dr,Dallas,TX,75224,249000,3,2.0,Druid Hills,1591,8799,1959,7,157,,Active,,,http://www.redfin.com/TX/Dallas/2316-Southwood-Dr-75224/home/30900467,NTREIS,14046857,N,Y,32.7015838,-96.8551814
MLS Listing,,Single Family Residential,2634 Clymer St,Dallas,TX,75212,229000,4,2.0,Westwood 02,1504,7492,2006,7,152,,Active,,,http://www.redfin.com/TX/Dallas/2634-Clymer-St-75212/home/30986012,NTREIS,14049687,N,Y,32.775303,-96.9091955
MLS Listing,,Single Family Residential,7416 Wood Slope Dr,Dallas,TX,75249,234900,3,2.0,Woodcrest Ph 01,1748,7710,1994,7,134,,Active,,,http://www.redfin.com/TX/Dallas/7416-Wood-Slope-Dr-75249/home/31157452,NTREIS,14049654,N,Y,32.6468763,-96.9546117
MLS Listing,,Single Family Residential,7147 Rothland St,Dallas,TX,75227,215000,4,2.0,Everglade Park 5th Sec,1935,7492,1986,7,111,,Active,,,http://www.redfin.com/TX/Dallas/7147-Rothland-St-75227/home/31139722,NTREIS,14047023,N,Y,32.7878119,-96.6879973
MLS Listing,,Condo/Co-op,3883 Turtle Creek Blvd #717,Dallas,TX,75219,239900,1,1.0,Twenty-One Turtle Creek Condos,863,137606,1963,7,278,605,Active,,,http://www.redfin.com/TX/Dallas/3883-Turtle-Creek-Blvd-75219/unit-717/home/30797292,NTREIS,14047189,N,Y,32.8148615,-96.7998842
MLS Listing,,Single Family Residential,7921 Vista Hill Ln,Dallas,TX,75249,250000,4,2.5,Mountain Vista Sec B,2176,3703,2002,7,115,23,Active,,,http://www.redfin.com/TX/Dallas/7921-Vista-Hill-Ln-75249/home/32259310,NTREIS,14048813,N,Y,32.6558699,-96.9615548
MLS Listing,,Condo/Co-op,12680 Hillcrest Rd #4204,Dallas,TX,75230,205000,2,1.5,Williamsburg Condo Ph 01,975,429981,1983,7,210,303,Active,,,http://www.redfin.com/TX/Dallas/12680-Hillcrest-Rd-75230/unit-4204/home/30746542,NTREIS,14047904,N,Y,32.9242563,-96.7859766
MLS Listing,,Single Family Residential,6330 Fallbrook Dr,Garland,TX,75043,228900,4,2.0,Oaks 06,2704,7449,1977,7,85,,Active,,,http://www.redfin.com/TX/Garland/6330-Fallbrook-Dr-75043/home/31455284,NTREIS,14049473,N,Y,32.8375274,-96.593209
MLS Listing,,Single Family Residential,10843 Sandalwood Dr,Dallas,TX,75228,235000,4,2.0,Country Club Park 02,1581,7275,1955,8,149,,Active,,,http://www.redfin.com/TX/Dallas/10843-Sandalwood-Dr-75228/home/31004031,NTREIS,14049252,N,Y,32.8403794,-96.6603249
MLS Listing,,Single Family Residential,3014 Sharpview Ln,Dallas,TX,75228,232000,3,2.0,Buckner Terrace 2nd Sec 3rd Inst,1735,8930,1963,8,134,,Active,,,http://www.redfin.com/TX/Dallas/3014-Sharpview-Ln-75228/home/31102358,NTREIS,14048863,N,Y,32.7958116,-96.7013051
MLS Listing,,Single Family Residential,17007 Planters Row,Addison,TX,75001,229900,2,2.0,Addison Place,1330,2526,1982,8,173,100,Active,,,http://www.redfin.com/TX/Addison/17007-Planters-Row-75001/home/31193538,NTREIS,14048363,N,Y,32.9836719,-96.8376019
MLS Listing,,Single Family Residential,3124 Royal Gable Dr,Dallas,TX,75229,220000,3,2.0,Gables At Royal Lane,1229,2788,1983,8,179,65,Active,,,http://www.redfin.com/TX/Dallas/3124-Royal-Gable-Dr-75229/home/31141577,NTREIS,14048831,N,Y,32.895936,-96.873311
MLS Listing,,Single Family Residential,2404 El Capitan Dr,Dallas,TX,75228,205000,3,2.0,Casa View Heights 14,900,7492,1955,8,228,,Active,March-31-2019 12:00 PM,March-31-2019 03:00 PM,http://www.redfin.com/TX/Dallas/2404-El-Capitan-Dr-75228/home/31020081,NTREIS,14045178,N,Y,32.8548277,-96.6715177
MLS Listing,,Single Family Residential,2716 Avon St,Dallas,TX,75211,240000,2,1.0,El Tivoli Place,1112,7841,1945,8,216,,Active,,,http://www.redfin.com/TX/Dallas/2716-Avon-St-75211/home/30857414,NTREIS,14048493,N,Y,32.7538419,-96.8645228
MLS Listing,,Single Family Residential,317 Indian Trail Ln,Garland,TX,75043,234000,3,2.0,Trail Valley 02 Rep,1875,8364,1986,8,125,,Active,March-30-2019 02:00 PM,March-30-2019 04:00 PM,http://www.redfin.com/TX/Garland/317-Indian-Trail-Ln-75043/home/31494071,NTREIS,14046108,N,Y,32.8433376,-96.6086461
MLS Listing,,Condo/Co-op,3225 Turtle Creek Blvd #1438,Dallas,TX,75219,200000,0,1.0,Renaissance On Turtle Creek Condo,522,154028,1998,8,383,302,Active,,,http://www.redfin.com/TX/Dallas/3225-Turtle-Creek-Blvd-75219/unit-1438/home/30746100,NTREIS,14047751,N,Y,32.8066148,-96.8038366
MLS Listing,,Single Family Residential,14356 Open Range Dr,Dallas,TX,75253,229900,4,2.5,Shady Oaks,2072,5489,2019,8,111,25,Active,,,http://www.redfin.com/TX/Dallas/14356-Open-Range-DR-75253/home/160722318,NTREIS,14048785,N,Y,32.676292,-96.587722
MLS Listing,,Single Family Residential,14333 Open Range Dr,Dallas,TX,75253,203900,4,2.0,Shady Oaks,1600,5489,2019,8,127,25,Active,,,http://www.redfin.com/TX/Dallas/14333-Open-Range-DR-75253/home/160722279,NTREIS,14048776,N,Y,32.6766,-96.587818
MLS Listing,,Single Family Residential,9911 Ferguson Rd,Dallas,TX,75228,249900,3,2.0,Ferguson Heights 03 Rev,1299,7536,1957,8,192,,Active,March-30-2019 01:00 PM,March-30-2019 04:00 PM,http://www.redfin.com/TX/Dallas/9911-Ferguson-Rd-75228/home/31014663,NTREIS,14047740,N,Y,32.8252519,-96.6774908
MLS Listing,,Single Family Residential,606 Hollywood Ave,Dallas,TX,75208,245000,3,3.0,Sunset Hills Add,1262,7362,1926,8,194,,Active,,,http://www.redfin.com/TX/Dallas/606-Hollywood-Ave-75208/home/30830667,NTREIS,14047775,N,Y,32.7398708,-96.8551395
MLS Listing,,Multi-Family (2-4 Unit),7622 Anson Cir,Dallas,TX,75235,240000,3,2.5,MILLENNIUM PARK ONE,1380,,2006,9,174,,Active,,,http://www.redfin.com/TX/Dallas/7622-Anson-Cir-75235/home/30773538,NTREIS,14046235,N,Y,32.83214,-96.855778
MLS Listing,,Condo/Co-op,3102 Kings Rd #2303,Dallas,TX,75219,249900,2,2.0,Piazza Siena Condo,968,87033,2001,9,258,375,Active,,,http://www.redfin.com/TX/Dallas/3102-Kings-Rd-75219/unit-2303/home/30780947,NTREIS,14039791,N,Y,32.8188618,-96.8198591
MLS Listing,,Single Family Residential,10655 Galena St,Dallas,TX,75228,219000,3,1.5,Loveland,1080,9365,1959,9,203,,Active,,,http://www.redfin.com/TX/Dallas/10655-Galena-St-75228/home/30866046,NTREIS,14025301,N,Y,32.8427175,-96.6773655
MLS Listing,,Single Family Residential,4130 Rupert St,Dallas,TX,75212,250000,4,2.0,Colonia Weisenberger,2141,10019,2000,9,117,,Active,,,http://www.redfin.com/TX/Dallas/4130-Rupert-St-75212/home/32214831,NTREIS,14047352,N,Y,32.7915949,-96.8682513
MLS Listing,,Condo/Co-op,1122 Jackson St #916,Dallas,TX,75202,240000,1,1.0,Soco Urban Loft Condo,1066,42863,1925,10,225,405,Active,,,http://www.redfin.com/TX/Dallas/1122-Jackson-St-75202/unit-916/home/30765452,NTREIS,14037584,N,Y,32.7782672,-96.8024429
MLS Listing,,Condo/Co-op,3102 Kings Rd #1203,Dallas,TX,75219,234900,2,2.0,Piazza Siena Condo,975,87033,2001,10,241,377,Active,,,http://www.redfin.com/TX/Dallas/3102-Kings-Rd-75219/unit-1203/home/30783135,NTREIS,14045363,N,Y,32.8183615,-96.8199868
MLS Listing,,Single Family Residential,2543 Lewiston Ave,Dallas,TX,75227,250000,3,2.0,Scyene Park Estates,1948,11805,2019,10,128,,Active,,,http://www.redfin.com/TX/Dallas/2543-Lewiston-Ave-75227/home/30944311,NTREIS,14047519,N,Y,32.756816,-96.650665
MLS Listing,,Townhouse,7514 Riverbrook Dr #35,Dallas,TX,75230,246000,3,2.5,Pagewood Twnhms Ph 01,1520,22695,1969,10,162,338,Active,March-30-2019 08:00 AM,March-30-2019 08:00 PM,http://www.redfin.com/TX/Dallas/7514-Riverbrook-Dr-75230/unit-35/home/30990526,NTREIS,14037561,N,Y,32.8897116,-96.7763905
MLS Listing,,Condo/Co-op,4104 N Hall St #334,Dallas,TX,75219,244900,2,2.0,Hall Street Condo 4104,1154,32801,1985,10,212,403,Active,,,http://www.redfin.com/TX/Dallas/4104-N-Hall-St-75219/unit-334/home/30745993,NTREIS,14047212,N,Y,32.8131904,-96.8110856
MLS Listing,,Single Family Residential,1718 Glenfield Ave,Dallas,TX,75224,247000,4,2.0,Clearview Park 01,2210,7449,1949,10,112,,Active,,,http://www.redfin.com/TX/Dallas/1718-Glenfield-Ave-75224/home/30899336,NTREIS,14047099,N,Y,32.7182293,-96.8494851
MLS Listing,,Single Family Residential,621 W 12th St,Dallas,TX,75208,249900,3,1.0,Dallas Land & Loan 03,1148,8364,1945,10,218,,Active,,,http://www.redfin.com/TX/Dallas/621-W-12th-St-75208/home/30827014,NTREIS,14047110,N,Y,32.7415125,-96.833111
MLS Listing,,Single Family Residential,1723 Haymarket Rd,Dallas,TX,75253,239995,3,2.0,Haymarket Acres Add,1763,23261,1966,10,136,,Active,,,http://www.redfin.com/TX/Dallas/1723-Haymarket-Rd-75253/home/31159159,NTREIS,14046924,N,Y,32.680161,-96.6405599
MLS Listing,,Single Family Residential,2553 Maverick Ave,Dallas,TX,75228,205000,5,2.5,Cloverdale 02,1368,9714,1955,10,150,,Active,,,http://www.redfin.com/TX/Dallas/2553-Maverick-Ave-75228/home/31001600,NTREIS,14046571,N,Y,32.8207801,-96.6708494
MLS Listing,,Single Family Residential,9807 Matchpoint Pl,Dallas,TX,75243,250000,3,2.0,Patio Homes Chimney Hill 01 Inst,2209,3615,1975,11,113,200,Active,March-31-2019 01:00 PM,March-31-2019 03:00 PM,http://www.redfin.com/TX/Dallas/9807-Matchpoint-Pl-75243/home/31109367,NTREIS,14045678,N,Y,32.9139401,-96.7302284
MLS Listing,,Single Family Residential,,Dallas,TX,75228,229000,3,2.0,Casa View Heights,1320,8189,1950,11,173,,Active,,,http://www.redfin.com/TX/Dallas/Undisclosed-address-75228/home/30864720,NTREIS,14045917,N,Y,32.8499167,-96.6780756
MLS Listing,,Single Family Residential,1931 Berkley Ave,Dallas,TX,75224,205000,2,2.0,Elmwood Add,1032,5097,1953,12,199,,Active,March-30-2019 02:00 PM,March-30-2019 04:00 PM,http://www.redfin.com/TX/Dallas/1931-Berkley-Ave-75224/home/30849709,NTREIS,14045248,N,Y,32.7244791,-96.852417
MLS Listing,,Condo/Co-op,2937 Shelby Ave #2937,Dallas,TX,75219,235000,2,2.0,Shelby Place Condo,1670,30710,1973,12,141,349,Active,,,http://www.redfin.com/TX/Dallas/2937-Shelby-Ave-75219/unit-2937/home/30797103,NTREIS,14035933,N,Y,32.8087705,-96.8108416
MLS Listing,,Single Family Residential,2803 Cessna Ct,Dallas,TX,75228,239500,3,2.0,White Rock Village #1,1376,9191,1975,12,174,,Active,,,http://www.redfin.com/TX/Dallas/2803-Cessna-Ct-75228/home/31010551,NTREIS,14045092,N,Y,32.8050797,-96.6937421
MLS Listing,,Single Family Residential,114 W Missouri Ave,Dallas,TX,75224,239500,3,2.0,Southcliff Heights,1820,5750,2019,13,132,,Active,,,http://www.redfin.com/TX/Dallas/114-W-Grover-C-Washington-Ave-75224/home/30839436,NTREIS,14044914,N,Y,32.7173609,-96.823579
MLS Listing,,Condo/Co-op,,Dallas,TX,75254,232900,2,2.0,Springstead Condos,1278,331317,1983,13,182,334,Active,,,http://www.redfin.com/TX/Dallas/Undisclosed-address-75254/home/31187705,NTREIS,14044820,N,Y,32.9432503,-96.812969
MLS Listing,,Condo/Co-op,6005 Sandhurst Ln Unit A,Dallas,TX,75206,220000,2,2.0,Sandhurst Manor,1379,179119,1966,13,160,511,Active,March-30-2019 02:00 PM,March-30-2019 04:00 PM,http://www.redfin.com/TX/Dallas/6005-Sandhurst-Ln-75206/unit-A/home/30868440,NTREIS,14044708,N,Y,32.8445426,-96.7625258
MLS Listing,,Single Family Residential,3040 Cliff Creek Dr,Dallas,TX,75233,230000,4,2.5,Parkway Estates 2,1730,7318,1961,14,133,,Active,,,http://www.redfin.com/TX/Dallas/3040-Cliff-Creek-Dr-75233/home/30961568,NTREIS,14043584,N,Y,32.7093117,-96.8764423
MLS Listing,,Condo/Co-op,3883 Turtle Creek Blvd #306,Dallas,TX,75219,242000,2,2.0,Twenty 01 Turtle Crk Condo,971,137606,1963,14,249,857,Active,March-31-2019 02:00 PM,March-31-2019 04:00 PM,http://www.redfin.com/TX/Dallas/3883-Turtle-Creek-Blvd-75219/unit-306/home/30797197,NTREIS,14005525,N,Y,32.8148615,-96.7998842
MLS Listing,,Single Family Residential,5834 Goldeneye Ln,Dallas,TX,75249,235000,4,2.5,Hunters Bend Ph 1b,2379,3311,2003,14,99,20,Active,,,http://www.redfin.com/TX/Dallas/5834-Goldeneye-Ln-75249/home/30731239,NTREIS,14044446,N,Y,32.6527408,-96.9717483
MLS Listing,,Single Family Residential,14309 Open Range Dr,Dallas,TX,75253,230900,4,2.5,Shady Oaks,2072,5489,2019,15,111,25,Active,,,http://www.redfin.com/TX/Dallas/14309-Open-Range-DR-75253/home/160694051,NTREIS,14044114,N,Y,32.676193,-96.588026
MLS Listing,,Single Family Residential,14327 Open Range Dr,Dallas,TX,75253,229900,4,2.5,Shady Oaks,2072,5489,2019,15,111,25,Active,,,http://www.redfin.com/TX/Dallas/14327-Open-Range-DR-75253/home/160694050,NTREIS,14044109,N,Y,32.677394,-96.588208
MLS Listing,,Single Family Residential,14363 Open Range Dr,Dallas,TX,75253,205900,4,2.0,Shady Oaks,1600,5489,2019,15,129,25,Active,,,http://www.redfin.com/TX/Dallas/14363-Open-Range-DR-75253/home/160693988,NTREIS,14044106,N,Y,32.692017,-96.589017
MLS Listing,,Single Family Residential,1471 Barrel Dr,Dallas,TX,75253,205900,4,2.0,Shady Oaks,1600,5489,2019,15,129,25,Active,,,http://www.redfin.com/TX/Dallas/1471-Barrel-DR-75253/home/160693915,NTREIS,14044102,N,Y,32.673194,-96.585164
MLS Listing,,Single Family Residential,1451 Barrel Dr,Dallas,TX,75253,203900,4,2.0,Shady Oaks,1600,5489,2019,15,127,25,Active,,,http://www.redfin.com/TX/Dallas/1451-Barrel-DR-75253/home/160693913,NTREIS,14044098,N,Y,32.673194,-96.585164
MLS Listing,,Condo/Co-op,5927 E University Blvd #221,Dallas,TX,75206,229000,2,2.0,Bella Gardens Condos,1118,145055,1964,15,205,226,Active,,,http://www.redfin.com/TX/Dallas/5927-E-University-Blvd-75206/unit-221/home/30731478,NTREIS,14044047,N,Y,32.8459957,-96.7648295
MLS Listing,,Single Family Residential,14351 Open Range Dr,Dallas,TX,75253,203900,3,2.0,Shady Oaks,1552,5314,2019,15,131,25,Active,,,http://www.redfin.com/TX/Dallas/14351-Open-Range-DR-75253/home/160693898,NTREIS,14044090,N,Y,32.692017,-96.589017
MLS Listing,,Single Family Residential,1467 Barrel Dr,Dallas,TX,75253,203900,3,2.0,Shady Oaks,1552,5314,2019,15,131,25,Active,,,http://www.redfin.com/TX/Dallas/1467-Barrel-DR-75253/home/160693851,NTREIS,14044079,N,Y,32.673194,-96.585164
MLS Listing,,Single Family Residential,1220 Algonquin Dr,Dallas,TX,75217,205000,4,2.0,Dalview Acres,1604,12981,2015,15,128,,Active,,,http://www.redfin.com/TX/Dallas/1220-Algonquin-Dr-75217/home/30940295,NTREIS,14044006,N,Y,32.7329681,-96.6515558
MLS Listing,,Single Family Residential,6517 Glenmoor Dr,Garland,TX,75043,212000,3,2.0,Oaks 07,1895,9104,1978,15,112,,Active,,,http://www.redfin.com/TX/Garland/6517-Glenmoor-Dr-75043/home/31455066,NTREIS,14043902,N,Y,32.8348634,-96.5933967
MLS Listing,,Condo/Co-op,4122 Avondale Ave #206,Dallas,TX,75219,230000,1,1.5,Avanti On Avondale Condo,1050,20517,2004,15,219,298,Active,,,http://www.redfin.com/TX/Dallas/4122-Avondale-Ave-75219/unit-206/home/30745397,NTREIS,14038047,N,Y,32.8174145,-96.8058957
MLS Listing,,Condo/Co-op,4122 Travis St #5,Dallas,TX,75204,247500,1,1.5,Travis Street Condo 4122,784,30928,1997,16,316,184,Active,,,http://www.redfin.com/TX/Dallas/4122-Travis-St-75204/unit-5/home/31187221,NTREIS,14042708,N,Y,32.8154357,-96.7944067
MLS Listing,,Single Family Residential,2727 Harbinger Ln,Dallas,TX,75287,209900,2,2.0,Old Mill Court Ph 2a,1182,4138,1984,16,178,48,Active,,,http://www.redfin.com/TX/Dallas/2727-Harbinger-Ln-75287/home/33152738,NTREIS,14032230,N,Y,32.993593,-96.8660728
MLS Listing,,Single Family Residential,5710 Marblehead Dr,Dallas,TX,75232,229950,4,2.0,Glen Hills,1984,12545,1967,16,116,,Active,,,http://www.redfin.com/TX/Dallas/5710-Marblehead-Dr-75232/home/30955552,NTREIS,14043332,N,Y,32.6769573,-96.854972
MLS Listing,,Single Family Residential,2131 Rose Cliff Ln,Carrollton,TX,75007,220000,2,2.0,Hilltop Square Ph 1,1271,4182,1983,16,173,,Active,,,http://www.redfin.com/TX/Carrollton/2131-Rose-Cliff-Ln-75007/home/33015013,NTREIS,14041767,N,Y,33.0131125,-96.8685865
MLS Listing,,Single Family Residential,1903 Melbourne Ave,Dallas,TX,75224,239000,4,1.5,Elmwood Add,1762,8015,1951,16,136,,Active,,,http://www.redfin.com/TX/Dallas/1903-Melbourne-Ave-75224/home/30849877,NTREIS,14041891,N,Y,32.7235081,-96.851307
MLS Listing,,Condo/Co-op,3225 Turtle Creek Blvd #1505,Dallas,TX,75219,214500,1,1.0,Renaissance On Turtle Creek Condo,712,154028,1998,16,301,412,Active,,,http://www.redfin.com/TX/Dallas/3225-Turtle-Creek-Blvd-75219/unit-1505/home/30731870,NTREIS,14041503,N,Y,32.8066148,-96.8038366
MLS Listing,,Single Family Residential,839 S Montclair Ave,Dallas,TX,75208,220000,3,1.0,Terrace Home,1168,6926,1923,17,188,,Active,,,http://www.redfin.com/TX/Dallas/839-S-Montclair-Ave-75208/home/30832310,NTREIS,14042716,N,Y,32.737344,-96.847063
MLS Listing,,Single Family Residential,2444 Southwood Dr,Dallas,TX,75233,239900,3,2.0,Southwood Estates,1390,12545,1952,17,173,,Active,,,http://www.redfin.com/TX/Dallas/2444-Southwood-Dr-75233/home/30900597,NTREIS,14042186,N,Y,32.6997217,-96.8589199
MLS Listing,,Single Family Residential,2606 Jim Loftin Rd,Dallas,TX,75224,250000,3,2.0,Summit Lawn,1455,9453,1948,17,172,,Active,,,http://www.redfin.com/TX/Dallas/2606-Jim-Loftin-Rd-75224/home/30898252,NTREIS,14034279,N,Y,32.7192038,-96.8404809
MLS Listing,,Single Family Residential,18039 Whispering Gables Ln,Dallas,TX,75287,225000,2,1.0,BENT TREE GABLES (CDA),1028,6098,1983,17,219,110,Active,March-30-2019 02:00 PM,March-30-2019 04:00 PM,http://www.redfin.com/TX/Dallas/18039-Whispering-Gables-Ln-75287/home/32186213,NTREIS,14041521,N,Y,32.99508,-96.840414
MLS Listing,,Condo/Co-op,12660 Hillcrest Rd #7201,Dallas,TX,75230,229000,2,2.0,Williamsburg Condo Ph 02,1144,429981,1986,18,200,345,Active,,,http://www.redfin.com/TX/Dallas/12660-Hillcrest-Rd-75230/unit-7201/home/30746668,NTREIS,14034557,N,Y,32.9214423,-96.7860416
MLS Listing,,Single Family Residential,1419 S Marsalis Ave,Dallas,TX,75216,210000,2,1.0,Trinity Heights,1584,7754,1946,18,133,,Active,,,http://www.redfin.com/TX/Dallas/1419-S-Marsalis-Ave-75216/home/30835403,NTREIS,14038313,N,Y,32.7306184,-96.8146897
MLS Listing,,Condo/Co-op,4777 Cedar Springs Rd Unit 7B,Dallas,TX,75219,207000,2,2.0,Parkside Cedar Springs Condos,1071,185217,1983,18,193,375,Active,,,http://www.redfin.com/TX/Dallas/4777-Cedar-Springs-Rd-75219/unit-7B/home/30783139,NTREIS,14040751,N,Y,32.8185702,-96.8207048
MLS Listing,,Condo/Co-op,3711 Holland #106,Dallas,TX,75219,235000,1,1.0,Holland Condos 3711,909,26354,1968,18,259,348,Active,,,http://www.redfin.com/TX/Dallas/3711-Holland-Ave-75219/unit-106/home/32253472,NTREIS,14040300,N,Y,32.8125594,-96.8036604
MLS Listing,,Single Family Residential,1931 Ferndale Ave,Dallas,TX,75224,229900,3,2.0,Elmwood Add,1568,8233,1957,18,147,,Active,,,http://www.redfin.com/TX/Dallas/1931-Ferndale-Ave-75224/home/30849668,NTREIS,14036003,N,Y,32.7259695,-96.8524588
MLS Listing,,Single Family Residential,3738 Highgrove Dr,Dallas,TX,75220,249900,3,1.0,Davilla Drive Estates,1218,7449,1951,18,205,,Active,,,http://www.redfin.com/TX/Dallas/3738-Highgrove-Dr-75220/home/30911981,NTREIS,14041320,N,Y,32.8687483,-96.8543822
MLS Listing,,Single Family Residential,2819 Sutton St,Dallas,TX,75210,235000,3,2.5,Wren Subdn,1780,2178,2019,18,132,,Active,,,http://www.redfin.com/TX/Dallas/2819-Sutton-St-75210/home/30804797,NTREIS,14039066,N,Y,32.768935,-96.7477474
MLS Listing,,Single Family Residential,3115 San Marcus Ave,Dallas,TX,75228,234900,3,1.0,Casa View Heights 09,1428,7797,1954,19,164,,Active,,,http://www.redfin.com/TX/Dallas/3115-San-Marcus-Ave-75228/home/31003874,NTREIS,14040898,N,Y,32.8306467,-96.663102
MLS Listing,,Condo/Co-op,1122 Jackson St #811,Dallas,TX,75202,245000,1,1.0,SOCO URBAN LOFT CONDOMINIUMS,1039,,1925,19,236,405,Active,,,http://www.redfin.com/TX/Dallas/1122-Jackson-St-75202/unit-811/home/30765412,NTREIS,14032786,N,Y,32.7782672,-96.8024429
MLS Listing,,Condo/Co-op,2725 Hood St #106,Dallas,TX,75219,218000,1,1.0,Hood Street Twnhs Condo,791,31799,1969,20,276,201,Active,,,http://www.redfin.com/TX/Dallas/2725-Hood-St-75219/unit-106/home/30794661,NTREIS,14040069,N,Y,32.804767,-96.8103319
MLS Listing,,Single Family Residential,2359 Great Light Dr,Dallas,TX,75228,210000,4,3.0,Light Pointe Place Ph 01,1826,5619,2006,21,115,,Active,,,http://www.redfin.com/TX/Dallas/2359-Great-Light-Dr-75228/home/30742507,NTREIS,14039939,N,Y,32.80599,-96.6746295
MLS Listing,,Single Family Residential,3306 Crossman Ave,Dallas,TX,75212,234000,2,1.0,Edgefield,748,7013,1941,21,313,,Active,,,http://www.redfin.com/TX/Dallas/3306-Crossman-Ave-75212/home/30972564,NTREIS,14035680,N,Y,32.7816145,-96.8405647
MLS Listing,,Condo/Co-op,2201 Wolf St #5201,Dallas,TX,75201,239995,1,1.0,Topaz Twnhms Condo,1114,158297,1995,22,215,275,Active,,,http://www.redfin.com/TX/Dallas/2201-Wolf-St-75201/unit-5201/home/30776671,NTREIS,14029073,N,Y,32.796745,-96.8089748
MLS Listing,,Single Family Residential,3740 Kiestcrest Dr,Dallas,TX,75233,245000,4,2.0,Kiest Forest,1846,11108,1967,22,133,,Active,,,http://www.redfin.com/TX/Dallas/3740-Kiestcrest-Dr-75233/home/147460798,NTREIS,14038439,N,Y,32.702416,-96.882389
MLS Listing,,Vacant Land,3776 Shorecrest Dr,Dallas,TX,75209,215000,0,,Shore Crest Terrace,,8973,,22,,,Active,,,http://www.redfin.com/TX/Dallas/3776-Shorecrest-Dr-75209/home/30855694,NTREIS,14039255,N,Y,32.858687,-96.8493869
MLS Listing,,Single Family Residential,8556 Westfield Dr,Dallas,TX,75243,247500,3,1.5,Northwood Estates,1152,8364,1959,22,215,,Active,,,http://www.redfin.com/TX/Dallas/8556-Westfield-Dr-75243/home/31028741,NTREIS,14039022,N,Y,32.8998619,-96.7549718
MLS Listing,,Single Family Residential,1494 Barrel Dr,Dallas,TX,75253,230900,4,2.5,Shady Oaks,2072,5489,2019,22,111,25,Active,,,http://www.redfin.com/TX/Dallas/1494-Barrel-DR-75253/home/160619669,NTREIS,14038982,N,Y,32.677337,-96.587205
MLS Listing,,Condo/Co-op,4111 Cole Ave #37,Dallas,TX,75204,247500,2,2.0,4111 Cole Condos,1090,40859,1985,22,227,396,Active,,,http://www.redfin.com/TX/Dallas/4111-Cole-Ave-75204/unit-37/home/30764681,NTREIS,14036965,N,Y,32.8148043,-96.7935529
MLS Listing,,Single Family Residential,1212 La Rioja Dr,Dallas,TX,75217,209997,3,2.0,Hacienda Del Sol Ph 01,1832,5489,2007,22,115,,Active,,,http://www.redfin.com/TX/Dallas/1212-La-Rioja-Dr-75217/home/30774916,NTREIS,14038672,N,Y,32.6922362,-96.6659628
MLS Listing,,Single Family Residential,1514 Brookhaven Dr,Dallas,TX,75224,219000,3,2.0,Yosts,1662,14549,1958,23,132,,Active,,,http://www.redfin.com/TX/Dallas/1514-Brookhaven-Dr-75224/home/30835842,NTREIS,14035318,N,Y,32.7288506,-96.8262024
MLS Listing,,Single Family Residential,6801 Ports O Call Dr,Rowlett,TX,75088,219900,3,2.0,Vue Du Lac,1785,8364,1999,23,123,55,Active,,,http://www.redfin.com/TX/Rowlett/6801-Ports-O-Call-Dr-75088/home/32028475,NTREIS,14037118,N,Y,32.8839053,-96.5368744
MLS Listing,,Single Family Residential,1140 S Oak Cliff Blvd,Dallas,TX,75208,249900,4,2.0,Sunset Annex,1635,5706,1922,23,153,,Active,,,http://www.redfin.com/TX/Dallas/1140-S-Oak-Cliff-Blvd-75208/home/30832981,NTREIS,14033893,N,Y,32.7334189,-96.8527102
MLS Listing,,Townhouse,9405 Timberleaf Dr,Dallas,TX,75243,229000,2,2.5,Timberleaf Lane Twnhms,2020,4617,1971,24,113,140,Active,,,http://www.redfin.com/TX/Dallas/9405-Timberleaf-Dr-75243/home/31071321,NTREIS,14017344,N,Y,32.907298,-96.735919
MLS Listing,,Single Family Residential,818 E Cherry St,Duncanville,TX,75116,209000,4,2.0,Forest Hills 04,2183,8494,1973,25,96,,Active,March-30-2019 02:00 PM,March-30-2019 04:00 PM,http://www.redfin.com/TX/Duncanville/818-E-Cherry-St-75116/home/31314070,NTREIS,14033090,N,Y,32.6530044,-96.8920939
MLS Listing,,Condo/Co-op,6121 Averill Way Unit 6121c,Dallas,TX,75225,249900,2,2.0,Seville Condo,1427,59982,1957,25,175,568,Active,March-31-2019 02:00 PM,March-31-2019 04:00 PM,http://www.redfin.com/TX/Dallas/6121-Averill-Way-75225/unit-6121c/home/160601456,NTREIS,14036406,N,Y,32.8668254,-96.8014181
MLS Listing,,Condo/Co-op,4242 N Capistrano Dr #157,Dallas,TX,75287,200000,2,2.0,Villas Condo At Pkwy Village,1217,871,1986,25,164,283,Active,,,http://www.redfin.com/TX/Dallas/4242-N-Capistrano-Dr-75287/unit-157/home/32130558,NTREIS,14035446,N,Y,33.0057102,-96.8364141
MLS Listing,,Vacant Land,4509 Dexham Rd,Rowlett,TX,75088,200000,0,,Dexham Creek Ranch Estates,,435600,,26,,,Active,,,http://www.redfin.com/TX/Rowlett/4509-Dexham-Rd-75088/home/30770734,NTREIS,14035133,N,Y,32.903652,-96.589944
MLS Listing,,Single Family Residential,11846 Oberlin Dr,Dallas,TX,75243,200000,3,2.0,Hamilton Park 01,1008,10149,1954,26,198,,Active,,,http://www.redfin.com/TX/Dallas/11846-Oberlin-Dr-75243/home/31006588,NTREIS,14034897,N,Y,32.9101631,-96.7610363
MLS Listing,,Single Family Residential,3517 Kiestcrest Dr,Dallas,TX,75233,249000,3,4.0,Kiest Forest,2932,12110,1966,26,85,,Active,,,http://www.redfin.com/TX/Dallas/3517-Kiest-Crest-Dr-75233/home/160586537,NTREIS,14034262,N,Y,32.7019727,-96.8789563
MLS Listing,,Condo/Co-op,5609 SMU Blvd #203,Dallas,TX,75206,218000,1,1.0,The Shelby Residences,752,,2009,27,290,202,Active,,,http://www.redfin.com/TX/Dallas/5609-SMU-Blvd-75206/unit-203/home/110137787,NTREIS,14034711,N,Y,32.842467,-96.7722361
MLS Listing,,Single Family Residential,9991 Rio Doso Dr,Dallas,TX,75227,229900,3,2.5,Parkway Village 02,1798,4704,2009,28,128,13,Active,,,http://www.redfin.com/TX/Dallas/9991-Rio-Doso-Dr-75227/home/30774323,NTREIS,14034541,N,Y,32.7665366,-96.6485912
MLS Listing,,Condo/Co-op,2201 Wolf St #2106,Dallas,TX,75201,233995,1,1.0,Topaz Twnhms Condo,956,158297,1995,28,245,248,Active,,,http://www.redfin.com/TX/Dallas/2201-Wolf-St-75201/unit-2106/home/30776724,NTREIS,14034575,N,Y,32.796745,-96.8089748
MLS Listing,,Single Family Residential,6006 Caracas Dr,Dallas,TX,75232,225000,4,3.0,Glen Hills Add,1796,10280,1983,28,125,,Active,,,http://www.redfin.com/TX/Dallas/6006-Caracas-Dr-75232/home/30954752,NTREIS,14033312,N,Y,32.6750486,-96.8448781
MLS Listing,,Single Family Residential,5611 Yellowstone Rd,Dallas,TX,75235,250000,3,2.0,Arlington Park Estate #4,2117,10062,1999,29,118,,Active,,,http://www.redfin.com/TX/Dallas/5611-Yellowstone-Rd-75235/home/30880379,NTREIS,14034141,N,Y,32.8153133,-96.8589094
MLS Listing,,Condo/Co-op,8522 Park Ln #6,Dallas,TX,75231,215000,3,2.5,Boardwalk Condo,2120,53797,1979,29,101,250,Active,,,http://www.redfin.com/TX/Dallas/8522-Park-Ln-75231/unit-6/home/30859286,NTREIS,14027766,N,Y,32.870405,-96.7565793
MLS Listing,,Single Family Residential,4304 Spring Ave,Dallas,TX,75210,250000,4,3.0,Sunrise Heights 02,2198,7318,2019,29,114,,Active,,,http://www.redfin.com/TX/Dallas/4304-Spring-Ave-75210/home/30805598,NTREIS,14033583,N,Y,32.772384,-96.74458
MLS Listing,,Single Family Residential,1443 Barrel Dr,Dallas,TX,75253,200900,3,2.0,Shady Oaks,1552,5314,2019,29,129,25,Active,,,http://www.redfin.com/TX/Dallas/1443-Barrel-Dr-75253/home/148571395,NTREIS,14033933,N,Y,32.677125,-96.587484
MLS Listing,,Single Family Residential,630 Grinnell Dr,Garland,TX,75043,249900,3,2.0,La Prada 03,2264,7144,1977,29,110,,Active,,,http://www.redfin.com/TX/Garland/630-Grinnell-Dr-75043/home/31416693,NTREIS,14033723,N,Y,32.8466486,-96.6227722
MLS Listing,,Single Family Residential,12111 Amsterdam Rd,Farmers Branch,TX,75234,250000,3,1.5,Chapel Hill 03,1311,7710,1958,30,191,,Active,,,http://www.redfin.com/TX/Farmers-Branch/12111-Amsterdam-Rd-75234/home/31332949,NTREIS,14033045,N,Y,32.9173174,-96.8671621
MLS Listing,,Condo/Co-op,14151 Montfort Dr #226,Dallas,TX,75254,214000,2,2.0,Villas on Montfort Ph 1,1336,463130,1981,30,160,302,Active,,,http://www.redfin.com/TX/Dallas/14151-Montfort-Dr-75254/unit-226/home/31129129,NTREIS,14031082,N,Y,32.9414023,-96.814839
MLS Listing,,Single Family Residential,8010 Rainbow Dr,Rowlett,TX,75089,226900,3,2.0,Spinnaker Cove,1470,7231,1986,30,154,,Active,,,http://www.redfin.com/TX/Rowlett/8010-Rainbow-Dr-75089/home/32019313,NTREIS,14032798,N,Y,32.9311128,-96.5186212
MLS Listing,,Single Family Residential,107 Cornell Ave,Farmersville,TX,75442,213329,3,2.0,"Camden Park Addition, Phase 2",1677,7187,2018,30,127,35,Active,,,http://www.redfin.com/TX/Farmersville/107-Cornell-AVE-75442/home/160564707,NTREIS,14032788,N,Y,32.833493,-96.787109
MLS Listing,,Townhouse,7515 Woodthrush Dr #6,Dallas,TX,75230,244900,3,2.5,Pagewood Twnhms Ph 01,1520,22695,1969,30,161,337,Active,,,http://www.redfin.com/TX/Dallas/7515-Woodthrush-Dr-75230/unit-6/home/30990497,NTREIS,14032655,N,Y,32.8893019,-96.7764072
MLS Listing,,Vacant Land,2143 Mail Ave,Dallas,TX,75235,220000,0,,Hoods J T,,7492,,30,,,Active,,,http://www.redfin.com/TX/Dallas/2143-Mail-Ave-75235/home/30848948,NTREIS,14032494,N,Y,32.830311,-96.856258
MLS Listing,,Vacant Land,2139 Mail Ave,Dallas,TX,75235,220000,0,,Hoods J T,,7492,,30,,,Active,,,http://www.redfin.com/TX/Dallas/2139-Mail-Ave-75235/home/30848947,NTREIS,14032489,N,Y,32.830214,-96.856373
MLS Listing,,Condo/Co-op,1200 Main St #1508,Dallas,TX,75202,242000,1,1.0,Metropolitan 1200 Main St Condo,880,44997,1974,30,275,460,Active,,,http://www.redfin.com/TX/Dallas/1200-Main-St-75202/unit-1508/home/30776287,NTREIS,14030492,N,Y,32.7800759,-96.8011658
MLS Listing,,Single Family Residential,1803 Gallagher St,Dallas,TX,75212,219750,4,2.0,Victory Gardens,1788,4617,2019,31,123,,Active,,,http://www.redfin.com/TX/Dallas/1803-Gallagher-St-75212/home/30974562,NTREIS,14032177,N,Y,32.784984,-96.848287
MLS Listing,,Single Family Residential,2819 Meadow Way Ln,Dallas,TX,75228,219900,3,2.5,Ash Creek Add,1551,5271,1994,31,142,,Active,,,http://www.redfin.com/TX/Dallas/2819-Meadow-Way-Ln-75228/home/31149486,NTREIS,14030517,N,Y,32.8133849,-96.6795377
MLS Listing,,Single Family Residential,3623 Morris St,Dallas,TX,75212,209000,3,2.0,Woodvale,1252,6098,2010,31,167,,Active,,,http://www.redfin.com/TX/Dallas/3623-Morris-St-75212/home/30978606,NTREIS,14030760,N,Y,32.7840327,-96.8797315
MLS Listing,,Single Family Residential,2884 Harbinger Ln,Dallas,TX,75287,214900,2,2.0,Old Mill Court Ph 2a,1268,3833,1984,32,169,48,Active,March-30-2019 12:00 PM,March-30-2019 03:00 PM,http://www.redfin.com/TX/Dallas/2884-Harbinger-Ln-75287/home/33019223,NTREIS,14030960,N,Y,32.9920029,-96.8647322
MLS Listing,,Condo/Co-op,4520 Holland Ave #207,Dallas,TX,75219,224126,2,1.5,La Escondiada Condo,972,15987,1972,33,231,240,Active,,,http://www.redfin.com/TX/Dallas/4520-Holland-Ave-75219/unit-207/home/30809694,NTREIS,14030410,N,Y,32.8207877,-96.8119931
MLS Listing,,Condo/Co-op,6078 Averill Way Unit 6078C,Dallas,TX,75225,225000,2,2.0,6040 Place Condos,1302,64992,1956,33,173,495,Active,,,http://www.redfin.com/TX/Dallas/6078-Averill-Way-75225/unit-6078C/home/30873755,NTREIS,14030331,N,Y,32.8660176,-96.8029071
MLS Listing,,Single Family Residential,1501 Old Settlers Way,Buffalo Gap,TX,79508,245000,4,3.0,Bison Bend Sub,1842,8973,2019,33,133,17,Active,,,http://www.redfin.com/TX/Buffalo-Gap/1501-Old-Settlers-Way-79508/home/160534925,NTREIS,14029353,N,Y,32.684476,-96.937088
MLS Listing,,Single Family Residential,3022 Mayhew Dr,Dallas,TX,75228,212000,4,2.0,Country Club Park 01,1415,7928,1954,35,150,,Active,,,http://www.redfin.com/TX/Dallas/3022-Mayhew-Dr-75228/home/31004277,NTREIS,14029397,N,Y,32.8364203,-96.6638329
MLS Listing,,Vacant Land,525 Edgeworth Dr,Dallas,TX,75217,240000,0,,,,124146,,35,,,Active,,,http://www.redfin.com/TX/Dallas/525-Edgeworth-Dr-75217/home/31048916,NTREIS,14020237,N,Y,32.7038208,-96.6363588
MLS Listing,,Condo/Co-op,14151 Montfort Dr #284,Dallas,TX,75254,217000,2,2.0,Lifescape Villas On Montfort Drive,1336,,1981,36,162,364,Active,,,http://www.redfin.com/TX/Dallas/14151-Montfort-Dr-75254/unit-284/home/31174261,NTREIS,14022653,N,Y,32.9407408,-96.8143444
MLS Listing,,Single Family Residential,1422 Dennison St,Dallas,TX,75212,217000,3,2.0,Eagle Point,1368,6011,1949,36,159,,Active,,,http://www.redfin.com/TX/Dallas/1422-Dennison-St-75212/home/30973937,NTREIS,14029005,N,Y,32.7815746,-96.8437055
MLS Listing,,Single Family Residential,6906 Prosper St,Dallas,TX,75209,250000,2,1.0,Mount Vernon Heights,823,6665,1944,37,304,,Active,,,http://www.redfin.com/TX/Dallas/6906-Prosper-St-75209/home/30855233,NTREIS,14027011,N,Y,32.8423708,-96.8282853
MLS Listing,,Single Family Residential,928 Green Cove Ln,Dallas,TX,75232,220000,3,2.0,Glen Oaks,1860,10934,1956,38,118,,Active,,,http://www.redfin.com/TX/Dallas/928-Green-Cove-Ln-75232/home/30953941,NTREIS,14027212,N,Y,32.684069,-96.8381358
MLS Listing,,Single Family Residential,2732 Falls Dr,Dallas,TX,75211,211999,3,2.0,Roland Dale,1282,8538,1950,39,165,,Active,,,http://www.redfin.com/TX/Dallas/2732-Falls-Dr-75211/home/30892011,NTREIS,14025443,N,Y,32.7260909,-96.8652873
MLS Listing,,Condo/Co-op,4111 Gilbert Ave #106,Dallas,TX,75219,237000,1,1.0,Nineteen Gilbert Condos,887,15987,2003,39,267,265,Active,,,http://www.redfin.com/TX/Dallas/4111-Gilbert-Ave-75219/unit-106/home/30746009,NTREIS,14024335,N,Y,32.8173735,-96.8066593
MLS Listing,,Single Family Residential,2500 W 12TH St,Dallas,TX,75211,225000,4,2.0,Sunset Summit,2040,7492,1965,40,110,,Active,,,http://www.redfin.com/TX/Dallas/2500-W-12th-St-75211/home/30831450,NTREIS,14025025,N,Y,32.7409749,-96.8592825
MLS Listing,,Single Family Residential,1342 Claude St,Dallas,TX,75203,209900,4,2.5,Edgemont,1700,7492,2019,41,123,,Active,,,http://www.redfin.com/TX/Dallas/1342-Claude-St-75203/home/30833149,NTREIS,14025447,N,Y,32.739875,-96.803707
MLS Listing,,Single Family Residential,11373 Carissa Dr,Dallas,TX,75218,210000,3,2.0,Lochwood Estates 3-Revised,1524,8364,1984,41,138,,Active,,,http://www.redfin.com/TX/Dallas/11373-Carissa-Dr-75218/home/31151908,NTREIS,14025326,N,Y,32.8628321,-96.6834227
MLS Listing,,Single Family Residential,3206 Sharon St,Dallas,TX,75211,210000,4,3.0,Westmoreland Heights,1400,7623,1943,42,150,,Active,,,http://www.redfin.com/TX/Dallas/3206-Sharon-St-75211/home/30855240,NTREIS,14024864,N,Y,32.7295816,-96.8732894
MLS Listing,,Single Family Residential,1430 Barrel Dr,Dallas,TX,75253,238900,5,2.5,Shady Oaks,2571,5489,2019,43,93,25,Active,,,http://www.redfin.com/TX/Dallas/1430-Barrel-Dr-75253/home/160470244,NTREIS,14024183,N,Y,32.672512,-96.584392
MLS Listing,,Single Family Residential,1463 Barrel Dr,Dallas,TX,75253,230900,4,2.5,Shady Oaks,2072,5489,2019,43,111,25,Active,,,http://www.redfin.com/TX/Dallas/1463-Barrel-Dr-75253/home/160470238,NTREIS,14024178,N,Y,32.672963,-96.584316
MLS Listing,,Single Family Residential,1431 Barrel Dr,Dallas,TX,75253,230900,4,2.5,Shady Oaks,2072,5489,2019,43,111,25,Active,,,http://www.redfin.com/TX/Dallas/1431-Barrel-Dr-75253/home/160470231,NTREIS,14024175,N,Y,32.672506,-96.584607
MLS Listing,,Single Family Residential,1478 Barrel Dr,Dallas,TX,75253,203900,4,2.0,Shady Oaks,1600,5489,2019,43,127,25,Active,,,http://www.redfin.com/TX/Dallas/1478-Barrel-Dr-75253/home/160470122,NTREIS,14024149,N,Y,32.672751,-96.584963
MLS Listing,,Condo/Co-op,2305 Worthington St #101,Dallas,TX,75204,245000,1,1.0,Belvedere Condos,852,72527,1999,43,288,365,Active,,,http://www.redfin.com/TX/Dallas/2305-Worthington-St-75204/unit-101/home/32218054,NTREIS,14023321,N,Y,32.7957775,-96.7982216
MLS Listing,,Single Family Residential,1726 Melbourne Ave,Dallas,TX,75224,230000,2,2.0,Elmwood Add,1161,7928,1948,44,198,,Active,,,http://www.redfin.com/TX/Dallas/1726-Melbourne-Ave-75224/home/30850005,NTREIS,14020964,N,Y,32.7230936,-96.8496526
MLS Listing,,Single Family Residential,2224 Doty Ln,Balch Springs,TX,75180,215000,4,2.0,Matias Estates,1690,,2019,45,127,10,Active,,,http://www.redfin.com/TX/Balch-Springs/2224-Doty-Ln-75180/home/145333151,NTREIS,14013313,N,Y,32.7363544,-96.6360593
MLS Listing,,Condo/Co-op,3311 Blackburn St #224,Dallas,TX,75204,205000,1,1.0,Colonade At Turtle Creek Condo,669,60113,1982,46,306,232,Active,,,http://www.redfin.com/TX/Dallas/3311-Blackburn-St-75204/unit-224/home/30745176,NTREIS,14017052,N,Y,32.8104065,-96.7979641
MLS Listing,,Single Family Residential,10609 Ferguson Rd,Dallas,TX,75228,220000,3,2.0,Casa View Hills,1376,9888,1956,46,160,,Active,,,http://www.redfin.com/TX/Dallas/10609-Ferguson-Rd-75228/home/30865828,NTREIS,14022212,N,Y,32.8415113,-96.6662552
MLS Listing,,Single Family Residential,12017 Hoblitzell,Dallas,TX,75243,249900,3,2.0,Hamlilton Park 01,1789,,1954,46,140,,Active,,,http://www.redfin.com/TX/Dallas/12017-Hoblitzell-75243/home/160703866,NTREIS,14022050,N,Y,32.912356,-96.760781
MLS Listing,,Single Family Residential,13343 Pandora Cir,Dallas,TX,75238,229000,3,2.0,Pebblebrook,1221,4879,1985,46,188,,Active,,,http://www.redfin.com/TX/Dallas/13343-Pandora-Cir-75238/home/31151616,NTREIS,14021959,N,Y,32.8729997,-96.6917366
MLS Listing,,Single Family Residential,7859 Kansas Ave,Dallas,TX,75241,210000,5,3.5,Wheatland Meadows Ph 02,2376,5532,2006,47,88,,Active,,,http://www.redfin.com/TX/Dallas/7859-Kansas-Ave-75241/home/30761460,NTREIS,14021422,N,Y,32.6505205,-96.82256
MLS Listing,,Condo/Co-op,4800 Northway Dr Unit 5B,Dallas,TX,75206,219000,2,2.5,University Crossroads 01 & 02,1100,151240,1981,49,199,414,Active,,,http://www.redfin.com/TX/Dallas/4800-Northway-Dr-75206/unit-5B/home/31125612,NTREIS,14020313,N,Y,32.8464423,-96.7684713
MLS Listing,,Single Family Residential,2810 Lenham Ln,Forney,TX,75126,239135,3,2.5,Clements Ranch,1930,4356,2018,49,124,50,Active,,,http://www.redfin.com/TX/Forney/2810-Lenham-Ln-75126/home/160443043,NTREIS,14020334,N,Y,32.79037,-96.489904
MLS Listing,,Single Family Residential,2802 Lenham Ln,Forney,TX,75126,217135,3,2.0,Clements Ranch,1518,4356,2018,49,143,50,Active,,,http://www.redfin.com/TX/Forney/2802-Lenham-Ln-75126/home/160441356,NTREIS,14020327,N,Y,32.79037,-96.489904
MLS Listing,,Condo/Co-op,1001 Belleview St #302,Dallas,TX,75215,235000,1,1.0,The Beat At Southside Station,830,41077,2007,50,283,312,Active,,,http://www.redfin.com/TX/Dallas/1001-Belleview-St-75215/unit-302/home/30788694,NTREIS,14020311,N,Y,32.7686977,-96.7950343
MLS Listing,,Single Family Residential,6722 Mabel Ave,Dallas,TX,75209,220000,2,1.0,Webster & Woods North Park,996,6186,1940,50,221,,Active,,,http://www.redfin.com/TX/Dallas/6722-Mabel-Ave-75209/home/30817126,NTREIS,14020175,N,Y,32.8402262,-96.8340359
MLS Listing,,Single Family Residential,1247 Moran Dr,Dallas,TX,75218,215000,3,1.0,Lake Park Estates,1220,7797,1949,50,176,,Active,,,http://www.redfin.com/TX/Dallas/1247-Moran-Dr-75218/home/30862921,NTREIS,14019845,N,Y,32.8399413,-96.6915694
MLS Listing,,Single Family Residential,3439 Goldendale Dr,Farmers Branch,TX,75234,207000,4,2.0,Town North Estates,1996,9714,1960,50,104,,Active,,,http://www.redfin.com/TX/Farmers-Branch/3439-Goldendale-Dr-75234/home/31343028,NTREIS,14012366,N,Y,32.9179486,-96.8620512
MLS Listing,,Condo/Co-op,3025 Bryan St Unit 1E,Dallas,TX,75204,245000,2,2.0,Bryan Street Station Condos,1187,50486,2006,51,206,339,Active,,,http://www.redfin.com/TX/Dallas/3025-Bryan-St-75204/unit-1E/home/30745470,NTREIS,14019352,N,Y,32.7920678,-96.7884017
MLS Listing,,Condo/Co-op,6208 Oram St #16,Dallas,TX,75214,223500,1,1.5,Oram Court,1050,,1984,51,213,405,Active,,,http://www.redfin.com/TX/Dallas/6208-Oram-St-75214/unit-16/home/147443283,NTREIS,14018776,N,Y,32.81368,-96.7584028
MLS Listing,,Condo/Co-op,4605 Cedar Springs Rd #309,Dallas,TX,75219,220000,1,1.0,Westside Condos,897,96180,2005,51,245,264,Active,March-31-2019 02:00 PM,March-31-2019 04:00 PM,http://www.redfin.com/TX/Dallas/4605-Cedar-Springs-Rd-75219/unit-309/home/30765815,NTREIS,14012089,N,Y,32.8174872,-96.8194223
MLS Listing,,Condo/Co-op,5904 Sandhurst Ln #247,Dallas,TX,75206,245000,2,2.0,Tuscany Condos,1050,203643,1967,52,233,266,Active,,,http://www.redfin.com/TX/Dallas/5904-Sandhurst-Ln-75206/unit-247/home/30746276,NTREIS,14017050,N,Y,32.8438228,-96.7651951
MLS Listing,,Single Family Residential,1326 Barrel Dr,Dallas,TX,75253,238900,5,2.5,Shady Oaks,2571,5489,2019,53,93,25,Active,,,http://www.redfin.com/TX/Dallas/1326-Barrel-Dr-75253/home/146948867,NTREIS,14017574,N,Y,32.677057,-96.588151
MLS Listing,,Single Family Residential,14256 Greenhaw Ln,Dallas,TX,75253,224900,4,2.5,Shady Oaks,2072,5489,2018,53,109,25,Active,,,http://www.redfin.com/TX/Dallas/14256-Greenhaw-Ln-75253/home/147711314,NTREIS,14017557,N,Y,32.675799,-96.586195
MLS Listing,,Multi-Family (2-4 Unit),3057 Westforest Dr,Dallas,TX,75229,239500,2,2.0,Chapel Forest,1581,6708,1982,53,151,,Active,,,http://www.redfin.com/TX/Dallas/3057-Westforest-Dr-75229/home/30934949,NTREIS,14017488,N,Y,32.9051243,-96.8737265
MLS Listing,,Single Family Residential,3888 Sam Cir,Dallas,TX,75233,225000,3,2.0,Trinity Temple Addition No. 3,1400,6490,2019,54,161,,Active,,,http://www.redfin.com/TX/Dallas/3888-Sam-Cir-75233/home/160389690,NTREIS,14016909,N,Y,32.700052,-96.883814
MLS Listing,,Single Family Residential,1262 Harlandale Ave,Dallas,TX,75216,239900,3,2.0,Cedar Haven1st Instl,2129,13504,1952,54,113,,Active,,,http://www.redfin.com/TX/Dallas/1262-Harlandale-Ave-75216/home/30834748,NTREIS,14016880,N,Y,32.7333964,-96.8100224
MLS Listing,,Townhouse,933 Spring Valley Plz,Richardson,TX,75080,224900,2,2.5,Spring Valley Plaza Duplex,1379,3311,2004,54,163,75,Active,,,http://www.redfin.com/TX/Richardson/933-Spring-Valley-Plz-75080/home/32232824,NTREIS,14016541,N,Y,32.9404844,-96.7588718
MLS Listing,,Single Family Residential,2741 S Denley Dr,Dallas,TX,75216,249900,4,3.0,Broadmoor,2740,11369,2017,56,91,,Active,,,http://www.redfin.com/TX/Dallas/2741-S-Denley-Dr-75216/home/30842410,NTREIS,14013787,N,Y,32.71336,-96.8062
MLS Listing,,Single Family Residential,2249 E Illinois Ave,Dallas,TX,75216,245000,6,4.0,Cedar Crest Country Club Estates,3200,9757,1952,56,77,,Active,,,http://www.redfin.com/TX/Dallas/2249-E-Illinois-Ave-75216/home/30888899,NTREIS,14000730,N,Y,32.7179747,-96.7855195
MLS Listing,,Single Family Residential,6509 Briar Knoll Cir,Garland,TX,75043,210000,3,2.0,Oaks 07,1814,7667,1978,57,116,,Active,,,http://www.redfin.com/TX/Garland/6509-Briarknoll-Cir-75043/home/31454787,NTREIS,14011233,N,Y,32.8357552,-96.5902054
MLS Listing,,Condo/Co-op,2727 Reagan St Unit F,Dallas,TX,75219,235000,2,1.5,2727 Reagan Condo,983,8843,1982,57,239,150,Active,,,http://www.redfin.com/TX/Dallas/2727-Reagan-St-75219/unit-F/home/31181881,NTREIS,14014197,N,Y,32.8084641,-96.8132246
MLS Listing,,Single Family Residential,6332 Winton St,Dallas,TX,75214,240000,2,2.0,Bel Air Add,903,3528,1983,57,266,,Active,March-31-2019 02:00 PM,March-31-2019 04:00 PM,http://www.redfin.com/TX/Dallas/6332-Winton-St-75214/home/31127399,NTREIS,14011883,N,Y,32.835246,-96.753656
MLS Listing,,Single Family Residential,3622 Falls Dr,Dallas,TX,75211,235000,3,2.0,Bluebonnet Heights,1771,7754,1947,57,133,,Active,,,http://www.redfin.com/TX/Dallas/3622-Falls-Dr-75211/home/30857660,NTREIS,14013743,N,Y,32.7262021,-96.8802763
MLS Listing,,Single Family Residential,3124 CrestRidge Dr,Dallas,TX,75228,246000,3,2.0,Casa View Heights 09,1510,7405,1954,58,163,,Active,March-31-2019 03:00 AM,March-31-2019 05:00 PM,http://www.redfin.com/TX/Dallas/3124-Crest-Ridge-Dr-75228/home/31003926,NTREIS,14014587,N,Y,32.8284613,-96.6625383
MLS Listing,,Single Family Residential,2435 Highwood Dr,Dallas,TX,75228,245000,3,2.0,Casa View Oaks 05,1463,8102,1954,58,167,,Active,,,http://www.redfin.com/TX/Dallas/2435-Highwood-Dr-75228/home/31000355,NTREIS,14014486,N,Y,32.8288036,-96.6742327
MLS Listing,,Condo/Co-op,10203 Regal Oaks Dr #102,Dallas,TX,75230,224000,2,1.5,Paradiso Condo Ph 01,1075,97444,1963,58,208,297,Active,,,http://www.redfin.com/TX/Dallas/10203-Regal-Oaks-Dr-75230/unit-102/home/147393375,NTREIS,14013161,N,Y,32.8858552,-96.772555
MLS Listing,,Vacant Land,4423 Rusk Ave,Dallas,TX,75204,249900,0,,Robertson & Harris,,,,59,,,Active,,,http://www.redfin.com/TX/Dallas/4423-Rusk-Ave-75204/home/30792904,NTREIS,14012865,N,Y,32.807291,-96.7860196
MLS Listing,,Single Family Residential,5505 Edgewater Cir,Rowlett,TX,75088,248200,4,2.0,WIMBLEDON ON THE LAKE REV,1802,8712,1979,59,138,3,Active,,,http://www.redfin.com/TX/Rowlett/5505-Edgewater-Cir-75088/home/32031103,NTREIS,14013190,N,Y,32.9070701,-96.5479414
MLS Listing,,Vacant Land,4912 Parry Ave,Dallas,TX,75223,200000,0,,Caldwells R D,,7231,,60,,,Active,,,http://www.redfin.com/TX/Dallas/4912-Parry-Ave-75223/home/30796352,NTREIS,14012465,N,Y,32.789841,-96.756576
MLS Listing,,Vacant Land,159 Shepherds Gln,Heath,TX,75032,248500,0,,Loch Braeland,,77101,,61,,,Active,,,http://www.redfin.com/TX/Heath/159-Shepherds-Glen-Rd-75032/home/35574868,NTREIS,14011547,N,Y,32.8636805,-96.4838085
MLS Listing,,Single Family Residential,2205 San Medina Ave,Dallas,TX,75228,225000,3,2.0,Casa View Oaks 01,1575,7536,1954,62,143,,Active,,,http://www.redfin.com/TX/Dallas/2205-San-Medina-Ave-75228/home/30969288,NTREIS,14011210,N,Y,32.8345892,-96.6776161
MLS Listing,,Condo/Co-op,5200 Martel Ave Unit 12A,Dallas,TX,75206,225000,1,1.5,Monticello Crossroads Condo Ph 01-03,1056,261752,1983,64,213,324,Active,,,http://www.redfin.com/TX/Dallas/5200-Martel-Ave-75206/unit-12A/home/108484582,NTREIS,14008019,N,Y,32.831543,-96.780064
MLS Listing,,Condo/Co-op,5740 Martel Ave Unit A06,Dallas,TX,75206,216000,2,1.5,Ashton South Condos,925,45302,1983,64,234,316,Active,,,http://www.redfin.com/TX/Dallas/5740-Martel-Ave-75206/unit-A06/home/31161082,NTREIS,14010563,N,Y,32.8312146,-96.7692453
MLS Listing,,Single Family Residential,14320 Riata Ln,Dallas,TX,75253,236900,5,2.5,Shady Oaks,2571,5489,2019,64,92,25,Active,,,http://www.redfin.com/TX/Dallas/3625-N-Hall-St-75253/home/147159931,NTREIS,14010426,N,Y,32.678430874,-96.58788488
MLS Listing,,Condo/Co-op,1883 Signal Ridge Pl #1883,Rockwall,TX,75032,214890,2,2.0,Signal Ridge #4,1290,,2006,64,167,242,Active,,,http://www.redfin.com/TX/Rockwall/1883-Signal-Ridge-Pl-75032/unit-1883/home/156420120,NTREIS,13995991,N,Y,32.885674,-96.4804785
MLS Listing,,Single Family Residential,8903 Sedgemoor Ave,Dallas,TX,75232,233900,4,3.0,Beckley Gardens,2089,8102,2018,66,112,,Active,,,http://www.redfin.com/TX/Dallas/8903-Sedgemoor-Ave-75232/home/31035929,NTREIS,14009261,N,Y,32.64024,-96.826266
MLS Listing,,Condo/Co-op,4777 Cedar Springs Rd Unit 9K,Dallas,TX,75219,238000,2,2.5,Parkside Cedar Spgs Condo,1143,185217,1983,67,208,448,Active,,,http://www.redfin.com/TX/Dallas/4777-Cedar-Springs-Rd-75219/unit-9K/home/32376314,NTREIS,14006165,N,Y,32.8185702,-96.8207048
MLS Listing,,Single Family Residential,3710 Prosperity Ave,Dallas,TX,75216,228000,5,3.0,Spring Dell,2238,6447,2019,69,102,,Active,,,http://www.redfin.com/TX/Dallas/3710-Prosperity-Ave-75216/home/30905968,NTREIS,14006786,N,Y,32.717363,-96.764024
MLS Listing,,Single Family Residential,6108 Lake Vista Dr,Dallas,TX,75249,214900,4,3.5,Wind Ridge Ph 01,3067,10585,1989,71,70,28,Active,,,http://www.redfin.com/TX/Dallas/6108-Lake-Vista-Dr-75249/home/31157350,NTREIS,14006368,N,Y,32.6479557,-96.9684148
MLS Listing,,Townhouse,10741 Sandpiper Ln,Dallas,TX,75230,244900,2,2.5,Crest Meadow Estates 7th Inst,1350,2178,1972,71,181,320,Active,,,http://www.redfin.com/TX/Dallas/10741-Sandpiper-Ln-75230/unit-15/home/30991210,NTREIS,14006115,N,Y,32.8932753,-96.7766578
MLS Listing,,Vacant Land,8520 Eustis Ave,Dallas,TX,75218,219000,0,,Forest Hills Estates,,10000,,71,,,Active,,,http://www.redfin.com/TX/Dallas/8520-Eustis-Ave-75218/home/30860728,NTREIS,14005996,N,Y,32.81418,-96.707284
MLS Listing,,Condo/Co-op,6208 Oram St #14,Dallas,TX,75214,215000,1,1.5,Oram Court,1050,,1984,71,205,336,Active,March-31-2019 01:00 PM,March-31-2019 03:00 PM,http://www.redfin.com/TX/Dallas/6208-Oram-St-75214/unit-14/home/31179072,NTREIS,14006045,N,Y,32.8136928,-96.7585524
MLS Listing,,Condo/Co-op,8616 Turtle Creek Blvd #302,Dallas,TX,75225,239000,1,1.0,Sorrento Condo,832,,2006,71,287,424,Active,,,http://www.redfin.com/TX/Dallas/8616-Turtle-Creek-Blvd-75225/unit-302/home/30783172,NTREIS,14005937,N,Y,32.8661655,-96.7894867
MLS Listing,,Single Family Residential,1227 Cascade Ave,Dallas,TX,75224,240000,2,2.0,Elmwood,1425,7231,1922,72,168,,Active,,,http://www.redfin.com/TX/Dallas/1227-Cascade-Ave-75224/home/30843235,NTREIS,14001507,N,Y,32.7299905,-96.8429412
MLS Listing,,Condo/Co-op,3225 Turtle Creek Blvd #716,Dallas,TX,75219,214900,1,1.0,Renaissance On Turtle Creek Condo,829,154028,1998,72,259,488,Active,,,http://www.redfin.com/TX/Dallas/3225-Turtle-Creek-Blvd-75219/unit-716/home/30746347,NTREIS,14004937,N,Y,32.8066148,-96.8038366
MLS Listing,,Condo/Co-op,6077 Milton St #137,Dallas,TX,75206,214999,2,2.0,Arbor Court Condo,955,,1970,73,225,298,Active,,,http://www.redfin.com/TX/Dallas/6077-Milton-St-75206/unit-137/home/31160815,NTREIS,14004183,N,Y,32.8493518,-96.7621713
MLS Listing,,Single Family Residential,915 S Beckley Ave,Dallas,TX,75203,250000,3,2.0,Seymour Place,1393,5881,1924,75,179,,Active,,,http://www.redfin.com/TX/Dallas/915-S-Beckley-Ave-75203/home/30828293,NTREIS,14003242,N,Y,32.7366581,-96.8231042
MLS Listing,,Single Family Residential,2828 Magna Vista Dr,Dallas,TX,75216,246900,3,2.0,Cedar Crest Country Club Estate,2347,20299,1963,76,105,,Active,,,http://www.redfin.com/TX/Dallas/2828-Magna-Vista-Dr-75216/home/31008479,NTREIS,14002434,N,Y,32.7215651,-96.7767752
MLS Listing,,Condo/Co-op,4303 Buena Vista St #305,Dallas,TX,75205,229900,2,1.0,Buena Vista Villa Condo,1071,22433,1983,76,215,450,Active,,,http://www.redfin.com/TX/Dallas/4303-Buena-Vista-St-75205/unit-305/home/147410216,NTREIS,14002422,N,Y,32.8195744,-96.7940349
MLS Listing,,Multi-Family (2-4 Unit),1633 Poplar St,Dallas,TX,75215,249900,2,3.0,Colonial,2400,7492,1928,77,104,,Active,,,http://www.redfin.com/TX/Dallas/1633-Poplar-St-75215/home/30800250,NTREIS,13994422,N,Y,32.752875,-96.7676974
MLS Listing,,Condo/Co-op,4218 Newton Ave #2,Dallas,TX,75219,247900,2,1.5,Newton Condo 4218,962,9191,1979,77,258,170,Active,,,http://www.redfin.com/TX/Dallas/4218-Newton-Ave-75219/unit-2/home/147427449,NTREIS,14002145,N,Y,32.818239,-96.8036813
MLS Listing,,Single Family Residential,2408 Doty Ln,Balch Springs,TX,75180,235000,4,2.0,Matias Estates,1890,,2019,78,124,10,Active,,,http://www.redfin.com/TX/Balch-Springs/2408-Doty-Ln-75180/home/145336747,NTREIS,14001625,N,Y,32.7358197,-96.6357071
MLS Listing,,Condo/Co-op,11410 Park Central Pl Unit D,Dallas,TX,75230,217500,3,2.0,Park Central Condos,1334,406676,1961,78,163,560,Active,,,http://www.redfin.com/TX/Dallas/11410-Park-Central-Pl-75230/unit-D/home/30989006,NTREIS,14001358,N,Y,32.9051965,-96.7714945
MLS Listing,,Single Family Residential,10312 Sandra Lynn Dr,Dallas,TX,75228,245000,4,2.0,Country Club Park 02,1458,7318,1955,78,168,,Active,,,http://www.redfin.com/TX/Dallas/10312-Sandra-Lynn-Dr-75228/home/31005674,NTREIS,13998713,N,Y,32.8382328,-96.656149
MLS Listing,,Vacant Land,2722 Hondo Ave,Dallas,TX,75219,225000,0,,Clifton Place 02,,6273,,79,,,Active,,,http://www.redfin.com/TX/Dallas/2722-Hondo-Ave-75219/home/30813150,NTREIS,14001240,N,Y,32.812145,-96.818507
MLS Listing,,Single Family Residential,8285 Clarkview Dr,Dallas,TX,75236,220000,4,2.0,Clark Rdg 02,2013,5489,2008,79,109,,Active,,,http://www.redfin.com/TX/Dallas/8285-Clarkview-Dr-75236/home/30774780,NTREIS,14000757,N,Y,32.6644503,-96.9402664
MLS Listing,,Single Family Residential,10510 Fern Dr,Dallas,TX,75228,249900,3,3.0,Centerville Terrace Add,1521,8973,1951,80,164,,Active,,,http://www.redfin.com/TX/Dallas/10510-Fern-Dr-75228/home/30862211,NTREIS,13997006,N,Y,32.8398672,-96.6789946
MLS Listing,,Multi-Family (2-4 Unit),937 Spring Valley Plz,Richardson,TX,75080,219990,2,2.5,Spring Valley Plaza Duplex,1379,3311,2003,83,160,75,Active,,,http://www.redfin.com/TX/Richardson/937-Spring-Valley-Plz-75080/home/32232825,NTREIS,13997728,N,Y,32.9403507,-96.7589136
MLS Listing,,Single Family Residential,4533 Raleigh Dalton Rd,Dallas,TX,75227,240000,3,2.5,Chariot Village,1836,4400,2019,85,131,,Active,,,http://www.redfin.com/TX/Dallas/4533-Raleigh-St-75219/home/146215147,NTREIS,13997108,N,Y,32.8196261,-96.8181665
MLS Listing,,Single Family Residential,1423 Barrel Dr,Dallas,TX,75253,200900,3,2.0,Shady Oaks,1552,5314,2019,86,129,25,Active,,,http://www.redfin.com/TX/Dallas/1423-Barrel-Dr-75253/home/148571392,NTREIS,13996314,N,Y,32.677077,-96.587779
MLS Listing,,Condo/Co-op,4111 Gilbert Ave #108,Dallas,TX,75219,214900,1,1.0,Nineteen Gilbert Condo,887,15987,2003,91,242,240,Active,,,http://www.redfin.com/TX/Dallas/4111-Gilbert-Ave-75219/unit-108/home/30746011,NTREIS,13994237,N,Y,32.8173739,-96.8066544
MLS Listing,,Single Family Residential,423 Avenue E,Dallas,TX,75203,225000,3,2.0,Skyline Heights,1651,4661,2019,94,136,,Active,,,http://www.redfin.com/TX/Dallas/423-Avenue-E-75203/home/30889518,NTREIS,13993312,N,Y,32.74369,-96.794543
MLS Listing,,Condo/Co-op,7640 W Greenway Blvd Unit 6J,Dallas,TX,75209,217500,1,1.5,Inwood Crossroads Condo,922,100406,1983,94,236,329,Active,,,http://www.redfin.com/TX/Dallas/7640-W-Greenway-Blvd-75209/unit-6J/home/31173730,NTREIS,13992768,N,Y,32.8489337,-96.8188889
MLS Listing,,Single Family Residential,1614 Wilbur St,Dallas,TX,75224,244900,2,2.0,Elmwood,1186,6970,1948,99,206,,Active,,,http://www.redfin.com/TX/Dallas/1614-Wilbur-St-75224/home/30849646,NTREIS,13992470,N,Y,32.7221008,-96.8469303
MLS Listing,,Condo/Co-op,7640 W Greenway Blvd Unit 6F,Dallas,TX,75209,240000,2,2.0,Inwood Crossroads Condo,927,100406,1983,99,259,315,Active,,,http://www.redfin.com/TX/Dallas/7640-W-Greenway-Blvd-75209/unit-6F/home/31173725,NTREIS,13992046,N,Y,32.8489337,-96.8188889
MLS Listing,,Single Family Residential,206 S Hampton Rd,Dallas,TX,75208,249000,3,2.0,Dallas,1694,5837,1954,99,147,,Active,,,http://www.redfin.com/TX/Dallas/206-S-Hampton-Rd-75208/home/30847368,NTREIS,13988853,N,Y,32.7444475,-96.8565157
MLS Listing,,Condo/Co-op,3225 Turtle Creek Blvd #12,Dallas,TX,75219,219500,1,1.0,Renaissance On Turtle Creek Condo,889,154028,1998,100,247,514,Active,,,http://www.redfin.com/TX/Dallas/3225-Turtle-Creek-Blvd-75219/unit-12/home/30776971,NTREIS,13971571,N,Y,32.8066148,-96.8038366
MLS Listing,,Single Family Residential,10022 Everton Pl,Dallas,TX,75217,239900,4,2.0,Heritage Square Ph Add 02,1773,5489,2018,102,135,,Active,,,http://www.redfin.com/TX/Dallas/10022-Everton-Pl-75217/home/31152060,NTREIS,13990748,N,Y,32.7029542,-96.6512349
MLS Listing,,Single Family Residential,10849 Benbrook Dr,Dallas,TX,75228,222000,3,2.0,Country Club Park 01,1381,7187,1955,103,161,,Active,,,http://www.redfin.com/TX/Dallas/10849-Benbrook-Dr-75228/home/31004070,NTREIS,13990076,N,Y,32.841094,-96.6609096
MLS Listing,,Single Family Residential,5521 Forney Rd,Dallas,TX,75227,219000,6,5.0,Labarba James,2322,7579,2004,106,94,,Active,,,http://www.redfin.com/TX/Dallas/5521-Forney-Rd-75227/home/30907675,NTREIS,13988861,N,Y,32.7846347,-96.7215333
MLS Listing,,Multi-Family (2-4 Unit),5301 Terry St,Dallas,TX,75223,220000,0,,East We Go,1456,7492,1920,107,151,,Active,,,http://www.redfin.com/TX/Dallas/5301-Terry-St-75223/home/30800993,NTREIS,13988733,N,Y,32.7961219,-96.756685
MLS Listing,,Single Family Residential,6915 Lockheed Ave,Dallas,TX,75209,249999,3,1.5,Lockheed Hills,856,6447,1944,108,292,,Active,,,http://www.redfin.com/TX/Dallas/6915-Lockheed-Ave-75209/home/30855119,NTREIS,13988374,N,Y,32.8426498,-96.8298031
MLS Listing,,Single Family Residential,11261 Mccree Rd,Dallas,TX,75238,250000,3,2.0,Highland Meadows 10,2021,9235,1972,108,124,,Active,,,http://www.redfin.com/TX/Dallas/11261-McCree-Rd-75238/home/31023687,NTREIS,13987673,N,Y,32.8727259,-96.6870155
MLS Listing,,Single Family Residential,2019 Chevella Dr,Dallas,TX,75232,215000,3,3.5,Enchanted Villas,2797,6316,2006,108,77,40,Active,,,http://www.redfin.com/TX/Dallas/2019-Chevella-Dr-75232/home/32259028,NTREIS,13988021,N,Y,32.6584131,-96.8510767
MLS Listing,,Vacant Land,1839 Pollard St,Dallas,TX,75208,250000,0,,Campbells Resub,,7667,,110,,,Active,,,http://www.redfin.com/TX/Dallas/1839-Pollard-St-75208/home/30987351,NTREIS,13981790,N,Y,32.772004,-96.849608
MLS Listing,,Vacant Land,1835 Pollard St,Dallas,TX,75208,250000,0,,Campbells Resub,,7667,1935,110,,,Active,,,http://www.redfin.com/TX/Dallas/1835-Pollard-St-75208/home/30987352,NTREIS,13981776,N,Y,32.7719167,-96.8494013
MLS Listing,,Single Family Residential,2026 Rugged Dr,Dallas,TX,75224,218000,2,1.0,Elmwood,953,7013,1951,114,229,,Active,,,http://www.redfin.com/TX/Dallas/2026-Rugged-Dr-75224/home/30849417,NTREIS,13983938,N,Y,32.7259807,-96.8474329
MLS Listing,,Single Family Residential,3152 Nandina Dr,Dallas,TX,75241,200000,3,2.0,Alta Mesa Park,1209,22477,1958,119,165,,Active,,,http://www.redfin.com/TX/Dallas/3152-Nandina-Dr-75241/home/31036992,NTREIS,13981454,N,Y,32.6520344,-96.7702491
MLS Listing,,Single Family Residential,8647 Kingspoint Dr,Dallas,TX,75238,250000,3,2.0,Barkley Square #5,1545,8625,1963,120,162,,Active,March-30-2019 08:00 AM,March-30-2019 08:00 PM,http://www.redfin.com/TX/Dallas/8647-Kingspoint-Dr-75238/home/31044708,NTREIS,13978263,N,Y,32.8671139,-96.6861799
MLS Listing,,Townhouse,2615 Welborn St Unit D,Dallas,TX,75219,245000,2,1.5,Welborn Twnhms 2615,1102,7797,1979,120,222,200,Active,March-30-2019 01:00 PM,March-30-2019 03:00 PM,http://www.redfin.com/TX/Dallas/2615-Welborn-St-75219/unit-D/home/30794593,NTREIS,13980564,N,Y,32.8052859,-96.81177
MLS Listing,,Single Family Residential,1910 Pin Oak Ln,Dallas,TX,75253,235000,4,2.5,Wright Farms Ph 01,2851,6926,2007,121,82,17,Active,,,http://www.redfin.com/TX/Dallas/1910-Pin-Oak-Ln-75253/home/30764929,NTREIS,13980252,N,Y,32.6814895,-96.6079159
MLS Listing,,Condo/Co-op,12680 Hillcrest Rd #4111,Dallas,TX,75230,239000,3,2.5,Williamsburg Condominiums,1490,429981,1983,122,160,425,Active,,,http://www.redfin.com/TX/Dallas/12680-Hillcrest-Rd-75230/unit-4111/home/30746540,NTREIS,13979737,N,Y,32.9242563,-96.7859766
MLS Listing,,Single Family Residential,4435 Stigall Dr,Dallas,TX,75209,235000,2,1.0,Greenway Terrace,1073,7187,1945,124,219,,Active,,,http://www.redfin.com/TX/Dallas/4435-Stigall-St-75209/home/30854154,NTREIS,13975182,N,Y,32.8487405,-96.8339065
MLS Listing,,Single Family Residential,713 Sabine St,Dallas,TX,75203,220000,2,1.0,Oak Cliff Original,1714,7057,1925,126,128,,Active,,,http://www.redfin.com/TX/Dallas/713-Sabine-St-75203/home/30825550,NTREIS,13977431,N,Y,32.756228,-96.8135595
MLS Listing,,Single Family Residential,3055 Cliff Creek Dr,Dallas,TX,75233,239000,3,2.0,Parkway Estates 2,1380,7100,1961,134,173,,Active,,,http://www.redfin.com/TX/Dallas/3055-Cliff-Creek-Dr-75233/home/30961931,NTREIS,13974593,N,Y,32.7086463,-96.876966
MLS Listing,,Condo/Co-op,2305 Worthington St #126,Dallas,TX,75204,235000,1,1.0,Belvedere Condos,852,,1999,134,276,364,Active,,,http://www.redfin.com/TX/Dallas/2305-Worthington-St-75204/unit-126/home/113498283,NTREIS,13970540,N,Y,32.7956949,-96.7991404
MLS Listing,,Single Family Residential,445 N Cavender St,Dallas,TX,75211,249800,3,2.5,City Dallas,1498,17860,1950,135,167,,Active,,,http://www.redfin.com/TX/Dallas/445-N-Cavender-St-75211/home/30847902,NTREIS,13973966,N,Y,32.7487208,-96.8652664
MLS Listing,,Single Family Residential,2648 W Brooklyn Ave,Dallas,TX,75211,239000,4,3.0,Sunset Summit,1466,7013,1945,136,163,,Active,,,http://www.redfin.com/TX/Dallas/2648-W-Brooklyn-Ave-75211/home/30831456,NTREIS,13973176,N,Y,32.7389386,-96.8633498
MLS Listing,,Single Family Residential,1937 Shady Glen Ln,Dallas,TX,75232,239900,3,2.0,Glen Hills,1855,9104,1968,138,129,,Active,,,http://www.redfin.com/TX/Dallas/1937-Shady-Glen-Ln-75232/home/30955657,NTREIS,13967060,N,Y,32.6790505,-96.8528358
MLS Listing,,Single Family Residential,3969 Lost Creek Dr,Dallas,TX,75224,217000,4,2.0,Oak Park Estates,1845,11892,1958,138,118,,Active,,,http://www.redfin.com/TX/Dallas/3969-Lost-Creek-Dr-75224/home/30900765,NTREIS,13969335,N,Y,32.6949597,-96.8470141
MLS Listing,,Condo/Co-op,2722 Knight St Unit 124A,Dallas,TX,75219,219900,2,2.0,Knight Street Condo,812,111078,1964,142,271,309,Active,,,http://www.redfin.com/TX/Dallas/2722-Knight-St-75219/unit-124A/home/30765968,NTREIS,13969617,N,Y,32.8094648,-96.8145851
MLS Listing,,Condo/Co-op,3400 Welborn St #313,Dallas,TX,75219,219900,1,1.0,Wyndemere Condo,890,71569,1998,145,247,467,Active,,,http://www.redfin.com/TX/Dallas/3400-Welborn-St-75219/unit-313/home/32198861,NTREIS,13967910,N,Y,32.8099817,-96.8055298
MLS Listing,,Single Family Residential,6239 Parkdale Dr,Dallas,TX,75227,203000,3,2.0,Parkdale,1496,11543,1949,146,136,,Active,,,http://www.redfin.com/TX/Dallas/6239-Parkdale-Dr-75227/home/30883240,NTREIS,13966921,N,Y,32.7720297,-96.7118782
MLS Listing,,Single Family Residential,10447 Sylvia Dr,Dallas,TX,75228,249900,3,2.0,Eastridge,1552,7187,1952,148,161,,Active,,,http://www.redfin.com/TX/Dallas/10447-Sylvia-Dr-75228/home/30862691,NTREIS,13965611,N,Y,32.8375269,-96.6842164
MLS Listing,,Condo/Co-op,4340 Cedar Springs Rd #109,Dallas,TX,75219,202900,2,2.0,Beaulieu Condo,854,41164,1965,148,238,281,Active,,,http://www.redfin.com/TX/Dallas/4340-Cedar-Springs-Rd-75219/unit-109/home/30809996,NTREIS,13965833,N,Y,32.8144269,-96.8152855
MLS Listing,,Condo/Co-op,3904 Rawlins St #115,Dallas,TX,75219,209900,2,2.5,Courtyard Condo,1101,25352,1981,150,191,300,Active,,,http://www.redfin.com/TX/Dallas/3904-Rawlins-St-75219/unit-115/home/147425698,NTREIS,13964099,N,Y,32.8123641,-96.8076575
MLS Listing,,Single Family Residential,2802 Hedgerow Dr,Dallas,TX,75235,210000,2,1.0,Hedgerow Pk,1160,8059,1940,152,181,,Active,,,http://www.redfin.com/TX/Dallas/2802-Hedgerow-Dr-75235/home/30814404,NTREIS,13963051,N,Y,32.8215214,-96.8312314
MLS Listing,,Single Family Residential,1222 Melbourne Ave,Dallas,TX,75224,219900,3,2.0,Elmwood Add 01 Instl,1303,7057,1949,152,169,,Active,,,http://www.redfin.com/TX/Dallas/1222-Melbourne-Ave-75224/home/30842864,NTREIS,13954637,N,Y,32.7230736,-96.8429831
MLS Listing,,Single Family Residential,2736 Ivandell Ave,Dallas,TX,75211,239000,3,2.0,Sunset View Rev,1315,6273,1947,154,182,,Active,,,http://www.redfin.com/TX/Dallas/2736-Ivandell-Ave-75211/home/30837432,NTREIS,13962543,N,Y,32.7363864,-96.8650674
MLS Listing,,Single Family Residential,926 W 10th St,Dallas,TX,75208,225000,2,1.0,George J Bryans Rev,1388,6665,1938,155,162,,Active,,,http://www.redfin.com/TX/Dallas/926-W-10th-St-75208/home/30827183,NTREIS,13961015,N,Y,32.7449175,-96.8387504
MLS Listing,,Condo/Co-op,1122 Jackson St #618,Dallas,TX,75202,249000,1,1.0,Soco Urban Loft Condo,1156,42863,1925,156,215,450,Active,,,http://www.redfin.com/TX/Dallas/1122-Jackson-St-75202/unit-618/home/30765385,NTREIS,13961337,N,Y,32.7782672,-96.8024429
MLS Listing,,Townhouse,7603 Pebblestone Dr #11,Dallas,TX,75230,250000,2,2.0,Crest Meadow Estates,1116,4487,1971,158,224,263,Active,,,http://www.redfin.com/TX/Dallas/7603-Pebblestone-Dr-75230/unit-11/home/147802133,NTREIS,13958002,N,Y,32.8911896,-96.7761054
MLS Listing,,Single Family Residential,1231 Ridgeway Dr,Richardson,TX,75080,249900,5,2.0,Richardson Heights 07 4th Sec,1734,8625,1959,169,144,,Active,,,http://www.redfin.com/TX/Richardson/1231-Ridgeway-Dr-75080/home/31958438,NTREIS,13949140,N,Y,32.9431822,-96.7608376
MLS Listing,,Vacant Land,4712 Victor St,Dallas,TX,75246,245000,0,,Ozone,,7800,,172,,,Active,,,http://www.redfin.com/TX/Dallas/4712-Victor-St-75246/home/147502567,NTREIS,13951067,N,Y,32.795243,-96.767698
MLS Listing,,Condo/Co-op,4414 Cedar Springs Rd #330,Dallas,TX,75219,250000,2,1.0,Tribeca,1015,88427,2003,174,246,311,Active,,,http://www.redfin.com/TX/Dallas/4414-Cedar-Springs-Rd-75219/unit-330/home/30746284,NTREIS,13940267,N,Y,32.8151633,-96.8161925
MLS Listing,,Vacant Land,6631 Tyree St,Dallas,TX,75209,215000,0,,Webster and Woods North Park,,6347,,176,,,Active,,,http://www.redfin.com/TX/Dallas/6631-Tyree-St-75209/home/30817140,NTREIS,13947967,N,Y,32.8393944,-96.8323991
MLS Listing,,Townhouse,10731 Sandpiper Ln #20,Dallas,TX,75230,249000,2,3.0,Crest Meadow Estates 7th Inst,1770,2657,1972,176,141,404,Active,,,http://www.redfin.com/TX/Dallas/10731-Sandpiper-Ln-75230/unit-20/home/30991190,NTREIS,13948763,N,Y,32.8930412,-96.7770601
MLS Listing,,Single Family Residential,515 Toronto St,Dallas,TX,75212,200000,3,1.0,Close In,988,7492,1948,184,202,,Active,,,http://www.redfin.com/TX/Dallas/515-Toronto-St-75212/home/30971976,NTREIS,13943133,N,Y,32.7797564,-96.832781
MLS Listing,,Condo/Co-op,3400 Welborn St #118,Dallas,TX,75219,214999,1,1.0,Wyndemere Condo,758,71569,1998,190,284,398,Active,,,http://www.redfin.com/TX/Dallas/3400-Welborn-St-75219/unit-118/home/32198903,NTREIS,13939903,N,Y,32.8099817,-96.8055298
MLS Listing,,Single Family Residential,4419 Hopkins Ave,Dallas,TX,75209,249000,3,1.0,Greenway Terrace,792,7275,1941,192,314,,Active,,,http://www.redfin.com/TX/Dallas/4419-Hopkins-Ave-75209/home/30854100,NTREIS,13937923,N,Y,32.8478524,-96.8349115
MLS Listing,,Vacant Land,1923 POLLARD St,Dallas,TX,75208,250000,0,,Lyons,,8625,1942,192,,,Active,,,http://www.redfin.com/TX/Dallas/1923-Pollard-St-75208/home/30987205,NTREIS,13932394,N,Y,32.7718546,-96.8513218
MLS Listing,,Townhouse,1419 Mccoy St,Dallas,TX,75204,229900,1,1.5,Bryan Place Ph 08 Sec 01,960,3136,1985,197,239,,Active,,,http://www.redfin.com/TX/Dallas/1419-Mccoy-St-75204/home/31121843,NTREIS,13934863,N,Y,32.79428,-96.786249
MLS Listing,,Condo/Co-op,1505 Elm St #702,Dallas,TX,75201,237000,1,1.5,Elm Street Condo 1505,1482,10019,1957,200,160,1091,Active,,,http://www.redfin.com/TX/Dallas/1505-Elm-St-75201/unit-702/home/30745210,NTREIS,13932791,N,Y,32.7814834,-96.7997122
MLS Listing,,Single Family Residential,2316 Babalos Ln,Dallas,TX,75228,208000,3,2.0,Hillview Terrace Sec 02,1585,8451,1967,201,131,,Active,March-30-2019 08:00 AM,March-30-2019 08:00 PM,http://www.redfin.com/TX/Dallas/2316-Babalos-Ln-75228/home/31011290,NTREIS,13930707,N,Y,32.8082369,-96.6756946
MLS Listing,,Condo/Co-op,3604 Prescott Ave,Dallas,TX,75219,225000,2,1.0,LYONS GATE CONDOS,856,8015,1968,212,263,197,Active,,,http://www.redfin.com/TX/Dallas/3604-Prescott-Ave-75219/home/30764572,NTREIS,13924771,N,Y,32.8199133,-96.8124743
MLS Listing,,Single Family Residential,3551 Ridgeoak Way,Farmers Branch,TX,75234,250000,3,2.0,Town North Estates,2100,8973,1959,212,119,,Active,,,http://www.redfin.com/TX/Farmers-Branch/3551-Ridgeoak-Way-75234/home/31343084,NTREIS,13921457,N,Y,32.9196247,-96.8586581
MLS Listing,,Single Family Residential,1031 Church St,Dallas,TX,75203,235000,3,2.5,Original Town Oak Cliff,1651,3528,2018,214,142,,Active,,,http://www.redfin.com/TX/Dallas/1031-Church-St-75203/home/30825987,NTREIS,13907984,N,Y,32.750639,-96.808397
MLS Listing,,Condo/Co-op,2806 Knight St #103,Dallas,TX,75219,249000,2,1.5,Throckmorton Place Condo,848,17293,1980,222,294,113,Active,,,http://www.redfin.com/TX/Dallas/2806-Knight-St-75219/unit-103/home/30797129,NTREIS,13917700,N,Y,32.8098519,-96.8144015
MLS Listing,,Single Family Residential,1908 Pollard St,Dallas,TX,75208,250000,2,1.0,Oneal & Huffmans Rev,1146,7144,1925,224,218,,Active,,,http://www.redfin.com/TX/Dallas/1908-Pollard-St-75208/home/30987188,NTREIS,13916943,N,Y,32.7714923,-96.8507416
MLS Listing,,Condo/Co-op,8083 Meadow Rd #225,Dallas,TX,75231,207000,2,2.0,Meadows North Condo,1053,145098,1969,227,197,223,Active,,,http://www.redfin.com/TX/Dallas/8083-Meadow-Rd-75231/unit-225/home/143999968,NTREIS,13914887,N,Y,32.8876722,-96.7671873
MLS Listing,,Condo/Co-op,3225 Turtle Creek Blvd #1805,Dallas,TX,75219,223000,1,1.0,Renaissance On Turtle Creek Condo,712,154028,1998,229,313,412,Active,,,http://www.redfin.com/TX/Dallas/3225-Turtle-Creek-Blvd-75219/unit-1805/home/30731890,NTREIS,13913405,N,Y,32.8066148,-96.8038366
MLS Listing,,Single Family Residential,138 W Louisiana Ave,Dallas,TX,75224,235000,4,2.5,San Jacinto Lawn Rev,2473,7013,1937,229,95,,Active,,,http://www.redfin.com/TX/Dallas/138-W-Louisiana-Ave-75224/home/30839161,NTREIS,13912921,N,Y,32.7230378,-96.8245068
MLS Listing,,Vacant Land,13 Terry Ln,Heath,TX,75032,235950,0,,Le Ruisseau,,68520,1968,240,,,Active,,,http://www.redfin.com/TX/Heath/13-Terry-Ln-75032/home/146450714,NTREIS,13897242,N,Y,32.8394653,-96.5001165
MLS Listing,,Multi-Family (2-4 Unit),11039 Wyatt St,Dallas,TX,75218,205000,3,2.0,Lochwood 07,1077,9191,1959,246,190,,Active,,,http://www.redfin.com/TX/Dallas/11039-Wyatt-St-75218/home/30863868,NTREIS,13901282,N,Y,32.851336,-96.688508
MLS Listing,,Condo/Co-op,2525 Turtle Creek Blvd #522,Dallas,TX,75219,214900,2,2.0,Turtle Creek Gardens Condo,1324,203991,1961,256,162,889,Active,,,http://www.redfin.com/TX/Dallas/2525-Turtle-Creek-Blvd-75219/unit-522/home/30794631,NTREIS,13893325,N,Y,32.8020208,-96.809174
MLS Listing,,Townhouse,9433 Timberleaf Dr,Dallas,TX,75243,209900,3,2.5,Timberleaf Lane Twnhms,1880,3006,1971,318,112,140,Active,,,http://www.redfin.com/TX/Dallas/9433-Timberleaf-Dr-75243/home/31071309,NTREIS,13844332,N,Y,32.9068763,-96.7352453
MLS Listing,,Single Family Residential,522 S Glasgow Dr,Dallas,TX,75223,220000,2,2.0,Mount Auburn,1540,6490,1926,344,143,,Active,,,http://www.redfin.com/TX/Dallas/522-S-Glasgow-Dr-75223/home/30801060,NTREIS,13822724,N,Y,32.8024375,-96.7474523
MLS Listing,,Vacant Land,4820 Junius St,Dallas,TX,75246,218000,0,,"T. J. Rogers Vol 219, PG 362 DRDCT",,7562,,379,,,Active,,,http://www.redfin.com/TX/Dallas/4820-Junius-St-75246/home/145134341,NTREIS,13797014,N,Y,32.798625,-96.7685939
New Construction Plan,,Single Family Residential,Sabine,Dallas,TX,75253,200900,4,2.0,Shady Oaks,1600,,,,126,,Active,,,http://www.redfin.com/TX/Dallas/Shady-Oaks/Sabine/home/109467900,NewHomeSource.com,Plan-81333167,N,Y,32.6784351,-96.5878695
New Construction Plan,,Single Family Residential,Driftwood,Dallas,TX,75253,236900,5,2.5,Shady Oaks,2571,,,,92,,Active,,,http://www.redfin.com/TX/Dallas/Shady-Oaks/Driftwood/home/109467897,NewHomeSource.com,Plan-71333188,N,Y,32.6784351,-96.5878695
New Construction Plan,,Single Family Residential,Cypress,Dallas,TX,75253,224900,4,2.5,Shady Oaks,2072,,,,109,,Active,,,http://www.redfin.com/TX/Dallas/Shady-Oaks/Cypress/home/109467898,NewHomeSource.com,Plan-71333185,N,Y,32.6784351,-96.5878695
